,method,score,freq,dpoints,building_id
0,normal,0.9480476650764432,60,8760,476
1,normal_cyc,0.951698024459691,60,8760,476
2,frac,0.9444309927225701,60,8760,476
3,frac_cyc,0.9526290501636804,60,8760,476
0,normal,0.5166330386002658,15,34935,7
1,normal_cyc,0.4002328678807278,15,34935,7
2,frac,0.47287446269703104,15,34935,7
3,frac_cyc,0.5530070326293592,15,34935,7
0,normal,0.7445728103824134,60,8760,310
1,normal_cyc,0.784628979412971,60,8760,310
2,frac,0.8075438521641665,60,8760,310
3,frac_cyc,0.773517805567277,60,8760,310
0,normal,0.8851857755472534,60,8760,462
1,normal_cyc,0.8900796420132713,60,8760,462
2,frac,0.8939854436875623,60,8760,462
3,frac_cyc,0.8938653583644831,60,8760,462
0,normal,0.28838794717167504,15,97430,36
1,normal_cyc,-0.050320313677978734,15,97430,36
2,frac,0.23938263221789507,15,97430,36
3,frac_cyc,0.06755500878633247,15,97430,36
0,normal,0.7501998468232458,60,8760,338
1,normal_cyc,0.740701087445,60,8760,338
2,frac,0.7336298102511478,60,8760,338
3,frac_cyc,0.7445426023740653,60,8760,338
0,normal,0.7960816037236093,15,66303,22
1,normal_cyc,0.8019438709530331,15,66303,22
2,frac,0.7990592510997848,15,66303,22
3,frac_cyc,0.8063436483814603,15,66303,22
0,normal,0.8439242745105457,60,8760,489
1,normal_cyc,0.849748178185687,60,8760,489
2,frac,0.8366371738613362,60,8760,489
3,frac_cyc,0.8711022566870733,60,8760,489
0,normal,0.43010397091891445,60,8760,112
1,normal_cyc,0.23125164615044425,60,8760,112
2,frac,0.24805753425021124,60,8760,112
3,frac_cyc,0.3042744448958695,60,8760,112
0,normal,-1.0653211058439598,60,8760,106
1,normal_cyc,-1.5163769698099876,60,8760,106
2,frac,-1.3924455386998742,60,8760,106
3,frac_cyc,-1.37764717025356,60,8760,106
0,normal,0.8383158529428193,60,8760,502
1,normal_cyc,0.8212178300489973,60,8760,502
2,frac,0.8197549135237183,60,8760,502
3,frac_cyc,0.8539187452616724,60,8760,502
0,normal,0.9191256257591929,60,8760,264
1,normal_cyc,0.925050376463371,60,8760,264
2,frac,0.913572552282717,60,8760,264
3,frac_cyc,0.9328851813195949,60,8760,264
0,normal,0.688070801794041,60,8760,270
1,normal_cyc,0.6959607096357714,60,8760,270
2,frac,0.5796054253700328,60,8760,270
3,frac_cyc,0.7060736111785535,60,8760,270
0,normal,0.8865027132438706,60,8760,516
1,normal_cyc,0.8289043122416349,60,8760,516
2,frac,0.854869764105285,60,8760,516
3,frac_cyc,0.858532797820698,60,8760,516
0,normal,0.42682469614689966,60,8760,258
1,normal_cyc,0.028428527599899372,60,8760,258
2,frac,0.22150845473243597,60,8760,258
3,frac_cyc,0.24242080676008707,60,8760,258
0,normal,0.7872519058168146,60,8760,259
1,normal_cyc,0.8320735734905131,60,8760,259
2,frac,0.8028469385129982,60,8760,259
3,frac_cyc,0.8495929715719907,60,8760,259
0,normal,0.7541110654809932,60,8760,271
1,normal_cyc,0.7071884261925293,60,8760,271
2,frac,0.7200830261163434,60,8760,271
3,frac_cyc,0.7507392652601834,60,8760,271
0,normal,0.8808604122127224,60,8760,517
1,normal_cyc,0.8830659093626204,60,8760,517
2,frac,0.8777903761479458,60,8760,517
3,frac_cyc,0.8706321393708435,60,8760,517
0,normal,0.9511638275869525,60,8760,503
1,normal_cyc,0.9462244093311718,60,8760,503
2,frac,0.949079174668206,60,8760,503
3,frac_cyc,0.9522423082789604,60,8760,503
0,normal,0.6888588346834559,60,8760,265
1,normal_cyc,0.6673808167260368,60,8760,265
2,frac,0.6350467010494955,60,8760,265
3,frac_cyc,0.7020133058960752,60,8760,265
0,normal,0.5991919185384209,60,8760,107
1,normal_cyc,0.5987717566863562,60,8760,107
2,frac,0.6144581758159501,60,8760,107
3,frac_cyc,0.625430004056087,60,8760,107
0,normal,0.7372606861082748,60,8760,113
1,normal_cyc,0.7926199939726424,60,8760,113
2,frac,0.7413053873438865,60,8760,113
3,frac_cyc,0.8126803714400981,60,8760,113
0,normal,0.8986191084011204,60,8760,488
1,normal_cyc,0.9017107490492777,60,8760,488
2,frac,0.8987101167786243,60,8760,488
3,frac_cyc,0.8942776393386098,60,8760,488
0,normal,0.8313622309034655,60,8760,339
1,normal_cyc,0.8524169173341134,60,8760,339
2,frac,0.8321008454303961,60,8760,339
3,frac_cyc,0.8603892244768927,60,8760,339
0,normal,0.11068674311254252,15,36960,23
1,normal_cyc,0.16180302154366694,15,36960,23
2,frac,0.1114960305456471,15,36960,23
3,frac_cyc,0.181951488724014,15,36960,23
0,normal,0.7565420808985885,15,66303,37
1,normal_cyc,0.7788008613510123,15,66303,37
2,frac,0.7622099952463507,15,66303,37
3,frac_cyc,0.7895364841064559,15,66303,37
0,normal,0.8600285119141595,60,8760,305
1,normal_cyc,0.8435567504554489,60,8760,305
2,frac,0.8624145451706298,60,8760,305
3,frac_cyc,0.8589726824267109,60,8760,305
0,normal,0.5979331536917623,60,8760,463
1,normal_cyc,0.6946779489297484,60,8760,463
2,frac,0.6516119584330162,60,8760,463
3,frac_cyc,0.626529937578465,60,8760,463
0,normal,0.7203215233170546,60,8760,477
1,normal_cyc,0.7440744458211042,60,8760,477
2,frac,0.7298777769305784,60,8760,477
3,frac_cyc,0.703809076824387,60,8760,477
0,normal,0.7679947165589083,60,8760,311
1,normal_cyc,0.7982353833858432,60,8760,311
2,frac,0.7775161351276095,60,8760,311
3,frac_cyc,0.8159384889605613,60,8760,311
0,normal,0.6740500653479408,15,69975,6
1,normal_cyc,0.4972056402321954,15,69975,6
2,frac,0.6911015094093264,15,69975,6
3,frac_cyc,0.6960158462442857,15,69975,6
0,normal,0.9361506986081182,60,8760,461
1,normal_cyc,0.9445506679109258,60,8760,461
2,frac,0.9370308935067152,60,8760,461
3,frac_cyc,0.941588073048201,60,8760,461
0,normal,0.8421005424770406,60,8760,307
1,normal_cyc,0.8449758692483431,60,8760,307
2,frac,0.8269227190684604,60,8760,307
3,frac_cyc,0.8591145032502274,60,8760,307
0,normal,-0.7908715977573468,15,50913,4
1,normal_cyc,-1.0314682120161391,15,50913,4
2,frac,-1.1407074476896708,15,50913,4
3,frac_cyc,-1.1329481004358213,15,50913,4
0,normal,0.6419366987516236,60,8760,313
1,normal_cyc,0.7041019385295516,60,8760,313
2,frac,0.661677857429047,60,8760,313
3,frac_cyc,0.7193133528807668,60,8760,313
0,normal,0.9248692822946647,60,8760,475
1,normal_cyc,0.9189656601344491,60,8760,475
2,frac,0.9208306361405297,60,8760,475
3,frac_cyc,0.9128391795684904,60,8760,475
0,normal,0.7884224888504141,15,96380,21
1,normal_cyc,0.787663830930092,15,96380,21
2,frac,0.7903648746229726,15,96380,21
3,frac_cyc,0.8012124913703149,15,96380,21
0,normal,0.6446042780596758,60,8760,449
1,normal_cyc,0.7289560592474302,60,8760,449
2,frac,0.7200804865991317,60,8760,449
3,frac_cyc,0.7727758288232295,60,8760,449
0,normal,-0.6303268711803621,15,36588,35
1,normal_cyc,-0.7292766661901878,15,36588,35
2,frac,-0.713162072086623,15,36588,35
3,frac_cyc,-0.7188724704043026,15,36588,35
0,normal,-2.4776708746229734,60,8760,105
1,normal_cyc,-2.4391284746940536,60,8760,105
2,frac,-2.450306065724316,60,8760,105
3,frac_cyc,-2.761531570547705,60,8760,105
0,normal,0.5267914450119248,60,8760,111
1,normal_cyc,0.3686801746083695,60,8760,111
2,frac,0.5577144701851066,60,8760,111
3,frac_cyc,0.5484304730731165,60,8760,111
0,normal,0.5159523424086664,60,8760,139
1,normal_cyc,0.4495228268938963,60,8760,139
2,frac,0.44367233805758993,60,8760,139
3,frac_cyc,0.5325028144797948,60,8760,139
0,normal,0.9374217732752897,60,8760,515
1,normal_cyc,0.9285132650410921,60,8760,515
2,frac,0.9312011818346935,60,8760,515
3,frac_cyc,0.9475901263751432,60,8760,515
0,normal,0.7979618007432603,60,8760,273
1,normal_cyc,0.7770739760813259,60,8760,273
2,frac,0.8078952578181247,60,8760,273
3,frac_cyc,0.8019607190493675,60,8760,273
0,normal,0.7719848402945794,60,8760,267
1,normal_cyc,0.7052957598118557,60,8760,267
2,frac,0.6215076134039915,60,8760,267
3,frac_cyc,0.8154996494792455,60,8760,267
0,normal,0.9040586764374892,60,8760,501
1,normal_cyc,0.8803460593441911,60,8760,501
2,frac,0.8974897505939654,60,8760,501
3,frac_cyc,0.9085200603378544,60,8760,501
0,normal,0.9373963237855376,60,8760,529
1,normal_cyc,0.9401888219249213,60,8760,529
2,frac,0.9446038025974576,60,8760,529
3,frac_cyc,0.9420338498096064,60,8760,529
0,normal,0.7341260690362319,60,8760,298
1,normal_cyc,0.7276868691518392,60,8760,298
2,frac,0.7231093659749768,60,8760,298
3,frac_cyc,0.791692772125612,60,8760,298
0,normal,0.8539070800654552,60,8760,299
1,normal_cyc,0.8018991476066185,60,8760,299
2,frac,0.8137503590202627,60,8760,299
3,frac_cyc,0.7957173844994437,60,8760,299
0,normal,0.2473535285611985,60,8760,528
1,normal_cyc,-0.21102212108475998,60,8760,528
2,frac,0.23036589164169263,60,8760,528
3,frac_cyc,0.3309503095452524,60,8760,528
0,normal,0.7428685567984341,60,8760,266
1,normal_cyc,0.7218034843453652,60,8760,266
2,frac,0.7338913330020136,60,8760,266
3,frac_cyc,0.7227903168732683,60,8760,266
0,normal,0.9376539105498852,60,8760,500
1,normal_cyc,0.9466350185940878,60,8760,500
2,frac,0.9397369626133253,60,8760,500
3,frac_cyc,0.9484657690658462,60,8760,500
0,normal,0.9584650131910687,60,8760,514
1,normal_cyc,0.957496674536348,60,8760,514
2,frac,0.9587813950298867,60,8760,514
3,frac_cyc,0.9567325072732147,60,8760,514
0,normal,0.6332217164790177,60,8760,272
1,normal_cyc,0.3034590671029717,60,8760,272
2,frac,0.30627899031640443,60,8760,272
3,frac_cyc,-0.1830808022274372,60,8760,272
0,normal,-10.553820103170118,60,8760,138
1,normal_cyc,-9.626209758525881,60,8760,138
2,frac,-7.117243201242813,60,8760,138
3,frac_cyc,-8.906539350633441,60,8760,138
0,normal,0.8425691880521889,60,8760,110
1,normal_cyc,0.772242044389574,60,8760,110
2,frac,0.8427688836623541,60,8760,110
3,frac_cyc,0.8431517899904736,60,8760,110
0,normal,0.61407734523413,60,8760,104
1,normal_cyc,0.5551711697465819,60,8760,104
2,frac,0.6595187181452566,60,8760,104
3,frac_cyc,0.6244707336117429,60,8760,104
0,normal,0.9047480962514355,15,67887,34
1,normal_cyc,0.9043256783976846,15,67887,34
2,frac,0.8983562410281173,15,67887,34
3,frac_cyc,0.9063776391427572,15,67887,34
0,normal,0.9455346952143021,60,8760,448
1,normal_cyc,0.9497470565375695,60,8760,448
2,frac,0.9472223265072672,60,8760,448
3,frac_cyc,0.9542804266118331,60,8760,448
0,normal,0.282352138888937,15,70066,20
1,normal_cyc,0.18739059395987875,15,70066,20
2,frac,0.2133485593697251,15,70066,20
3,frac_cyc,0.22360073594793078,15,70066,20
0,normal,0.698671921528832,60,8760,312
1,normal_cyc,0.720714603603164,60,8760,312
2,frac,0.6596531689604122,60,8760,312
3,frac_cyc,0.7964543050189585,60,8760,312
0,normal,0.7949738419683332,15,66015,5
1,normal_cyc,0.8074795297148166,15,66015,5
2,frac,0.8067781367678316,15,66015,5
3,frac_cyc,0.8158345573792922,15,66015,5
0,normal,0.9440731627670648,60,8760,474
1,normal_cyc,0.9519246836264621,60,8760,474
2,frac,0.9503162421352639,60,8760,474
3,frac_cyc,0.9518434946481157,60,8760,474
0,normal,0.8217828550867261,60,8760,460
1,normal_cyc,0.7949310040081822,60,8760,460
2,frac,0.7230702331119624,60,8760,460
3,frac_cyc,0.8152174314688618,60,8760,460
0,normal,0.8021806136758506,60,8760,306
1,normal_cyc,0.8121032592046252,60,8760,306
2,frac,0.8051850101889815,60,8760,306
3,frac_cyc,0.799553207302689,60,8760,306
0,normal,0.885469945670584,60,8760,458
1,normal_cyc,0.8937780002925939,60,8760,458
2,frac,0.904767504835562,60,8760,458
3,frac_cyc,0.9051091059861276,60,8760,458
0,normal,0.8517783848781637,15,65823,24
1,normal_cyc,0.8564177392370123,15,65823,24
2,frac,0.8567484173518248,15,65823,24
3,frac_cyc,0.8653785866216598,15,65823,24
0,normal,0.7644342951620825,15,66111,30
1,normal_cyc,0.7654686432439463,15,66111,30
2,frac,0.7673186607147396,15,66111,30
3,frac_cyc,0.771590606206176,15,66111,30
0,normal,0.7997881494933943,60,8760,302
1,normal_cyc,0.8329857755568535,60,8760,302
2,frac,0.8239420417896076,60,8760,302
3,frac_cyc,0.8396301249900132,60,8760,302
0,normal,0.9465495592468156,60,8784,464
1,normal_cyc,0.9426155388605605,60,8784,464
2,frac,0.9403211441643572,60,8784,464
3,frac_cyc,0.9435147066874406,60,8784,464
0,normal,0.531468101116184,15,73743,18
1,normal_cyc,0.5336146623938259,15,73743,18
2,frac,0.5146294287289477,15,73743,18
3,frac_cyc,0.5394050088038004,15,73743,18
0,normal,0.7936712720075022,60,8760,470
1,normal_cyc,0.8093339394422729,60,8760,470
2,frac,0.8101178645913122,60,8760,470
3,frac_cyc,0.8264841191513966,60,8760,470
0,normal,0.6911335710084295,15,100786,1
1,normal_cyc,0.27908285575883995,15,100786,1
2,frac,0.7127695595169913,15,100786,1
3,frac_cyc,0.6866010587205057,15,100786,1
0,normal,0.8662401746023962,60,8760,316
1,normal_cyc,0.8791472192859948,60,8760,316
2,frac,0.8834102844995488,60,8760,316
3,frac_cyc,0.9027515118612699,60,8760,316
0,normal,-2.49581482138874,60,8760,128
1,normal_cyc,-2.4770836280354884,60,8760,128
2,frac,-2.6611140295774374,60,8760,128
3,frac_cyc,-2.507488806578855,60,8760,128
0,normal,0.681624723088358,60,8760,100
1,normal_cyc,0.6037038380644748,60,8760,100
2,frac,0.6956165844818365,60,8760,100
3,frac_cyc,0.6934000387631414,60,8760,100
0,normal,0.9838923562130266,60,8760,538
1,normal_cyc,0.9829974378461057,60,8760,538
2,frac,0.9824935763791683,60,8760,538
3,frac_cyc,0.9815027869674119,60,8760,538
0,normal,0.5520625207478655,60,8760,276
1,normal_cyc,0.5716102012287928,60,8760,276
2,frac,0.545769040048228,60,8760,276
3,frac_cyc,0.6581231753749168,60,8760,276
0,normal,0.8903497509642291,60,8760,510
1,normal_cyc,0.8582331497301028,60,8760,510
2,frac,0.8660175919391248,60,8760,510
3,frac_cyc,0.8947125412899769,60,8760,510
0,normal,0.9665438472390885,60,8760,504
1,normal_cyc,0.9467066445408633,60,8760,504
2,frac,0.9535630943299458,60,8760,504
3,frac_cyc,0.9552948554278765,60,8760,504
0,normal,0.8704236910995412,60,8760,262
1,normal_cyc,0.8653136681064204,60,8760,262
2,frac,0.8647160583166618,60,8760,262
3,frac_cyc,0.8809248044763097,60,8760,262
0,normal,0.7839094958556733,60,8760,289
1,normal_cyc,0.8250025692531463,60,8760,289
2,frac,0.7970309175189734,60,8760,289
3,frac_cyc,0.8238173189298726,60,8760,289
0,normal,0.7805241577718431,60,8760,288
1,normal_cyc,0.8019331222603481,60,8760,288
2,frac,0.6911566581864969,60,8760,288
3,frac_cyc,0.8011357144932522,60,8760,288
0,normal,0.9597060023197413,60,8760,505
1,normal_cyc,0.9603383854415278,60,8760,505
2,frac,0.9589654024915626,60,8760,505
3,frac_cyc,0.9627344267927962,60,8760,505
0,normal,0.6798849181335781,60,8760,263
1,normal_cyc,0.5972462267778349,60,8760,263
2,frac,0.6178553264164388,60,8760,263
3,frac_cyc,0.7096549828266856,60,8760,263
0,normal,0.7973362809120647,60,8760,277
1,normal_cyc,0.8066211392840614,60,8760,277
2,frac,0.7877860161838945,60,8760,277
3,frac_cyc,0.8484425545776131,60,8760,277
0,normal,0.7657158808404547,60,8760,511
1,normal_cyc,0.7948178391853966,60,8760,511
2,frac,0.7817033042329187,60,8760,511
3,frac_cyc,0.7714784290037059,60,8760,511
0,normal,0.8153480347133936,60,8760,539
1,normal_cyc,0.8052255166643298,60,8760,539
2,frac,0.7870017159526732,60,8760,539
3,frac_cyc,0.8265341147854369,60,8760,539
0,normal,-0.1744335072349051,60,8760,115
1,normal_cyc,-0.22730123097632657,60,8760,115
2,frac,-0.16136487563953816,60,8760,115
3,frac_cyc,-0.1291364319160122,60,8760,115
0,normal,-4.387203261049498,60,8760,129
1,normal_cyc,-4.83186201140406,60,8760,129
2,frac,-4.772026854093441,60,8760,129
3,frac_cyc,-4.988096283118433,60,8760,129
0,normal,0.8678645931372113,60,8760,471
1,normal_cyc,0.8906288233915106,60,8760,471
2,frac,0.8814723648125824,60,8760,471
3,frac_cyc,0.8739583646920622,60,8760,471
0,normal,0.8671450803499005,60,8760,317
1,normal_cyc,0.8720461964445633,60,8760,317
2,frac,0.868916738243711,60,8760,317
3,frac_cyc,0.8909169934693464,60,8760,317
0,normal,0.9102712881683046,60,8760,303
1,normal_cyc,0.9017950934827071,60,8760,303
2,frac,0.9095677521573374,60,8760,303
3,frac_cyc,0.9092741247673264,60,8760,303
0,normal,0.4084297828471766,15,36960,19
1,normal_cyc,0.42695693872597396,15,36960,19
2,frac,0.4119561802863311,15,36960,19
3,frac_cyc,0.40901971796999886,15,36960,19
0,normal,0.9497280239017816,60,8760,465
1,normal_cyc,0.9460328969085952,60,8760,465
2,frac,0.9446810580915541,60,8760,465
3,frac_cyc,0.950535530818544,60,8760,465
0,normal,0.7540830315880143,15,96380,31
1,normal_cyc,0.7564152123107927,15,96380,31
2,frac,0.7632831259462961,15,96380,31
3,frac_cyc,0.7729799631968772,15,96380,31
0,normal,0.7391558912727343,15,67887,25
1,normal_cyc,0.7540164666363063,15,67887,25
2,frac,0.7397017516354084,15,67887,25
3,frac_cyc,0.7555539282229898,15,67887,25
0,normal,0.032755603964855516,60,8760,459
1,normal_cyc,-0.08091591771730583,60,8760,459
2,frac,-0.19007475026090687,60,8760,459
3,frac_cyc,-0.021441728141828986,60,8760,459
0,normal,0.9027985409873133,60,8760,329
1,normal_cyc,0.9140393815430906,60,8760,329
2,frac,0.9019162290941057,60,8760,329
3,frac_cyc,0.9274557201746344,60,8760,329
0,normal,0.8369550008070459,15,69970,33
1,normal_cyc,0.8534038357443477,15,69970,33
2,frac,0.8459780486756636,15,69970,33
3,frac_cyc,0.853537499157759,15,69970,33
0,normal,0.7803966450167464,15,66015,27
1,normal_cyc,0.7848640274682908,15,66015,27
2,frac,0.7714267136016153,15,66015,27
3,frac_cyc,0.7829983014494147,15,66015,27
0,normal,0.8199694223235965,15,69327,2
1,normal_cyc,0.8023528252749113,15,69327,2
2,frac,0.817534016049395,15,69327,2
3,frac_cyc,0.8272217484567488,15,69327,2
0,normal,0.8587134070783877,60,8760,315
1,normal_cyc,0.8876097839541083,60,8760,315
2,frac,0.8763200652145556,60,8760,315
3,frac_cyc,0.9057368578527252,60,8760,315
0,normal,0.834462656108005,60,8760,473
1,normal_cyc,0.8444223246540862,60,8760,473
2,frac,0.846619865066303,60,8760,473
3,frac_cyc,0.8545726212763886,60,8760,473
0,normal,0.9368038291138335,60,8760,467
1,normal_cyc,0.9119759177633063,60,8760,467
2,frac,0.9213683779521216,60,8760,467
3,frac_cyc,0.9259252999373295,60,8760,467
0,normal,0.8777357095319653,60,8760,301
1,normal_cyc,0.8568121962026908,60,8760,301
2,frac,0.8562318529115335,60,8760,301
3,frac_cyc,0.872396516598731,60,8760,301
0,normal,0.8238280109992486,60,8760,498
1,normal_cyc,0.7949058254432844,60,8760,498
2,frac,0.763660955354487,60,8760,498
3,frac_cyc,0.8437321013192027,60,8760,498
0,normal,-2.5824375806121136,60,8760,117
1,normal_cyc,-2.5447904381836404,60,8760,117
2,frac,-2.6314249312392803,60,8760,117
3,frac_cyc,-2.3980727338273624,60,8760,117
0,normal,-3.2351650483374987,60,8760,103
1,normal_cyc,-3.155248007609844,60,8760,103
2,frac,-3.155368831226722,60,8760,103
3,frac_cyc,-2.995205175265346,60,8760,103
0,normal,0.7454721415786176,60,8760,249
1,normal_cyc,0.7539679207181467,60,8760,249
2,frac,0.7447392676679148,60,8760,249
3,frac_cyc,0.746586564662343,60,8760,249
0,normal,0.7982626992700802,60,8760,261
1,normal_cyc,0.7983762895090559,60,8760,261
2,frac,0.803137894058844,60,8760,261
3,frac_cyc,0.8070330262436404,60,8760,261
0,normal,0.853629495441475,60,8760,507
1,normal_cyc,0.802179386024809,60,8760,507
2,frac,0.852531675313029,60,8760,507
3,frac_cyc,0.8097751477692849,60,8760,507
0,normal,0.7588340829234893,60,8760,513
1,normal_cyc,0.7162314213074675,60,8760,513
2,frac,0.7283152839412947,60,8760,513
3,frac_cyc,0.7460146195072918,60,8760,513
0,normal,0.8366467947676218,60,8760,275
1,normal_cyc,0.8453419865313816,60,8760,275
2,frac,0.8504104734491174,60,8760,275
3,frac_cyc,0.8417789661518535,60,8760,275
0,normal,0.9385702539799142,60,8760,512
1,normal_cyc,0.9411406459411061,60,8760,512
2,frac,0.9382150052885672,60,8760,512
3,frac_cyc,0.9436318492346921,60,8760,512
0,normal,0.8891512098264055,60,8784,274
1,normal_cyc,0.8781268941153753,60,8784,274
2,frac,0.8772038182442775,60,8784,274
3,frac_cyc,0.8888085985259666,60,8784,274
0,normal,0.8832584119373446,60,8760,260
1,normal_cyc,0.882850628574468,60,8760,260
2,frac,0.8680232162119139,60,8760,260
3,frac_cyc,0.880586702072181,60,8760,260
0,normal,0.638414238565031,60,8760,506
1,normal_cyc,0.6499753398475576,60,8760,506
2,frac,0.6639411188181402,60,8760,506
3,frac_cyc,0.7018602744381822,60,8760,506
0,normal,0.723211004336674,60,8760,248
1,normal_cyc,0.7382183148773642,60,8760,248
2,frac,0.6997799182201263,60,8760,248
3,frac_cyc,0.8035768693549947,60,8760,248
0,normal,-1.1492257306967184,60,8760,102
1,normal_cyc,-1.1366364322638807,60,8760,102
2,frac,-1.1368855552466959,60,8760,102
3,frac_cyc,-1.0248886584335184,60,8760,102
0,normal,-2.7665013241520118,60,8760,116
1,normal_cyc,-2.7124367198068695,60,8760,116
2,frac,-2.7563377256817625,60,8760,116
3,frac_cyc,-2.5329921512623956,60,8760,116
0,normal,0.8217335095872693,60,8760,499
1,normal_cyc,0.8435333568708875,60,8760,499
2,frac,0.8146299631377085,60,8760,499
3,frac_cyc,0.8472582963921138,60,8760,499
0,normal,0.9474009032265794,60,8760,466
1,normal_cyc,0.9403992102768423,60,8760,466
2,frac,0.9428589451495846,60,8760,466
3,frac_cyc,0.9493972209860141,60,8760,466
0,normal,0.56264030718996,60,8760,300
1,normal_cyc,0.5999603688209482,60,8760,300
2,frac,0.6187964225460906,60,8760,300
3,frac_cyc,0.7134355184151091,60,8760,300
0,normal,0.5759733475287024,60,8760,314
1,normal_cyc,0.539786408592671,60,8760,314
2,frac,0.6028339847096931,60,8760,314
3,frac_cyc,0.5735397484936499,60,8760,314
0,normal,-1.3741592092564998,15,36960,3
1,normal_cyc,-1.3980750524866994,15,36960,3
2,frac,-1.165906734783843,15,36960,3
3,frac_cyc,-1.3273710780601438,15,36960,3
0,normal,0.9284279947701434,60,8760,472
1,normal_cyc,0.9309005328653467,60,8760,472
2,frac,0.9249486700578161,60,8760,472
3,frac_cyc,0.9355963794019274,60,8760,472
0,normal,0.711221542341855,15,96380,26
1,normal_cyc,0.6934396492558939,15,96380,26
2,frac,0.697595174829427,15,96380,26
3,frac_cyc,0.7043997176940048,15,96380,26
0,normal,-1.1536833673289637,60,8760,328
1,normal_cyc,-1.499582646575151,60,8760,328
2,frac,-1.6112741879855856,60,8760,328
3,frac_cyc,-1.4952335230744178,60,8760,328
0,normal,0.6236549380225582,15,66111,32
1,normal_cyc,0.6540713362671803,15,66111,32
2,frac,0.6311365764938007,15,66111,32
3,frac_cyc,0.6641731161426254,15,66111,32
0,normal,0.9093554830061722,60,8760,373
1,normal_cyc,0.917756572936014,60,8760,373
2,frac,0.917101659477791,60,8760,373
3,frac_cyc,0.9131541299567737,60,8760,373
0,normal,0.8114900513661698,60,8760,415
1,normal_cyc,0.8428740815317526,60,8760,415
2,frac,0.829550536214809,60,8760,415
3,frac_cyc,0.8469642372823322,60,8760,415
0,normal,0.8012749054399435,15,42412,69
1,normal_cyc,0.6254917796963714,15,42412,69
2,frac,0.8011796888643133,15,42412,69
3,frac_cyc,0.8009594971399677,15,42412,69
0,normal,0.8637830121348301,60,8760,401
1,normal_cyc,0.8501091779433174,60,8760,401
2,frac,0.8555081866811749,60,8760,401
3,frac_cyc,0.8672634867159876,60,8760,401
0,normal,0.7688462379406517,60,8760,367
1,normal_cyc,0.7483888824745178,60,8760,367
2,frac,0.7251292552207312,60,8760,367
3,frac_cyc,0.7830276572521631,60,8760,367
0,normal,0.8432419445914671,60,8760,429
1,normal_cyc,0.8161988044590841,60,8760,429
2,frac,0.839848891378001,60,8760,429
3,frac_cyc,0.8497152381585165,60,8760,429
0,normal,0.7564024415973603,15,57599,55
1,normal_cyc,0.7337431721400579,15,57599,55
2,frac,0.7563409392885286,15,57599,55
3,frac_cyc,0.7626823540006108,15,57599,55
0,normal,0.772639109459884,15,139716,41
1,normal_cyc,0.696229003114229,15,139716,41
2,frac,0.7245591116654448,15,139716,41
3,frac_cyc,0.7335343267241418,15,139716,41
0,normal,0.7634654402055743,60,8760,96
1,normal_cyc,0.72012212451205,60,8760,96
2,frac,0.7399589848642898,60,8760,96
3,frac_cyc,0.7630261535136758,60,8760,96
0,normal,0.737218043169569,15,46149,82
1,normal_cyc,0.5659914974318541,15,46149,82
2,frac,0.7346203322075685,15,46149,82
3,frac_cyc,0.7298593053909633,15,46149,82
0,normal,0.904078415353692,60,8760,398
1,normal_cyc,0.9099809394406851,60,8760,398
2,frac,0.9067424379954908,60,8760,398
3,frac_cyc,0.916038973137674,60,8760,398
0,normal,-3.2127291490772882,60,8760,171
1,normal_cyc,-3.7399356826505583,60,8760,171
2,frac,-4.083604979384951,60,8760,171
3,frac_cyc,-3.3918989473164958,60,8760,171
0,normal,-2.051151708226399,60,8760,165
1,normal_cyc,-1.9356859454914845,60,8760,165
2,frac,-1.9907027586625508,60,8760,165
3,frac_cyc,-1.949289863214286,60,8760,165
0,normal,-6.009833360142675,60,8760,159
1,normal_cyc,-9.004136305775157,60,8760,159
2,frac,-6.595498009150655,60,8760,159
3,frac_cyc,-6.004311053112735,60,8760,159
0,normal,0.7682742568055966,60,8784,207
1,normal_cyc,0.7950866276896097,60,8784,207
2,frac,0.7614581464957519,60,8784,207
3,frac_cyc,0.8037648087915078,60,8784,207
0,normal,0.8247950697746492,60,8760,561
1,normal_cyc,0.7479228437597646,60,8760,561
2,frac,0.7339226764932547,60,8760,561
3,frac_cyc,0.7727525186530625,60,8760,561
0,normal,0.5229699475949843,60,8784,575
1,normal_cyc,0.5346317379587019,60,8784,575
2,frac,0.5909073799607584,60,8784,575
3,frac_cyc,0.6228789902802239,60,8784,575
0,normal,-2.85176110172626,60,8760,213
1,normal_cyc,-3.251345234170665,60,8760,213
2,frac,-3.1684946248311276,60,8760,213
3,frac_cyc,-2.8298266810322223,60,8760,213
0,normal,0.9103104974930436,60,8760,549
1,normal_cyc,0.9104289483409967,60,8760,549
2,frac,0.9073161417521765,60,8760,549
3,frac_cyc,0.9096905330286614,60,8760,549
0,normal,0.9430560729875718,60,8760,548
1,normal_cyc,0.9228271405707618,60,8760,548
2,frac,0.9223495413711091,60,8760,548
3,frac_cyc,0.9374825000315715,60,8760,548
0,normal,-2.679593381570976,60,8784,574
1,normal_cyc,-2.3248276786884174,60,8784,574
2,frac,-2.7663688882796413,60,8784,574
3,frac_cyc,-3.092296230165453,60,8784,574
0,normal,0.13095017955371602,60,8760,212
1,normal_cyc,0.182218559766419,60,8760,212
2,frac,0.12795740932047958,60,8760,212
3,frac_cyc,0.11139938851059268,60,8760,212
0,normal,-1.2706637206254252,60,8760,206
1,normal_cyc,-1.0976827677077474,60,8760,206
2,frac,-1.3211845183121422,60,8760,206
3,frac_cyc,-1.276341663777251,60,8760,206
0,normal,0.7211759360537517,60,8760,158
1,normal_cyc,0.6774386230938466,60,8760,158
2,frac,0.6520753932034752,60,8760,158
3,frac_cyc,0.7544227193832188,60,8760,158
0,normal,0.8346156599822312,60,8760,164
1,normal_cyc,0.8294994930309476,60,8760,164
2,frac,0.840077276404593,60,8760,164
3,frac_cyc,0.839637763076919,60,8760,164
0,normal,-1.8214728313731106,60,8760,602
1,normal_cyc,-1.5212857964718958,60,8760,602
2,frac,-1.7724247202197658,60,8760,602
3,frac_cyc,-1.7623222975657962,60,8760,602
0,normal,-2.0207761642324473,60,8760,170
1,normal_cyc,-2.0663891560887198,60,8760,170
2,frac,-2.339437778081903,60,8760,170
3,frac_cyc,-2.2367022374689856,60,8760,170
0,normal,0.904929301417196,60,8760,399
1,normal_cyc,0.8856691407176771,60,8760,399
2,frac,0.8709044773763397,60,8760,399
3,frac_cyc,0.8892380817840073,60,8760,399
0,normal,-2.2604735676788956,60,8760,97
1,normal_cyc,-2.181602812820844,60,8760,97
2,frac,-2.285022582088286,60,8760,97
3,frac_cyc,-2.298963142799542,60,8760,97
0,normal,0.7636019903144144,15,67887,40
1,normal_cyc,0.7555021656834254,15,67887,40
2,frac,0.7661188091107516,15,67887,40
3,frac_cyc,0.7729821023499276,15,67887,40
0,normal,0.811740574058316,15,54966,54
1,normal_cyc,0.7909829229043469,15,54966,54
2,frac,0.8044179124718133,15,54966,54
3,frac_cyc,0.8015676978525536,15,54966,54
0,normal,0.7511144508770552,60,8760,428
1,normal_cyc,0.7409004072978476,60,8760,428
2,frac,0.6884038505629566,60,8760,428
3,frac_cyc,0.786435529286983,60,8760,428
0,normal,0.8496631564150555,60,8760,400
1,normal_cyc,0.8659654232010963,60,8760,400
2,frac,0.8565319350822683,60,8760,400
3,frac_cyc,0.875354022007727,60,8760,400
0,normal,0.7211453817439457,60,8760,366
1,normal_cyc,0.7228652254974981,60,8760,366
2,frac,0.7468883864011219,60,8760,366
3,frac_cyc,0.7913980546149972,60,8760,366
0,normal,0.9443132236869519,60,8760,372
1,normal_cyc,0.943108643075011,60,8760,372
2,frac,0.9439544503376731,60,8760,372
3,frac_cyc,0.9469216164658861,60,8760,372
0,normal,0.5606381873283892,15,57519,68
1,normal_cyc,0.5130328756079655,15,57519,68
2,frac,0.5510308774168505,15,57519,68
3,frac_cyc,0.5426318766387,15,57519,68
0,normal,0.7515534826785392,60,8760,414
1,normal_cyc,0.757702016233171,60,8760,414
2,frac,0.7132123108374092,60,8760,414
3,frac_cyc,0.7951697795534945,60,8760,414
0,normal,0.925685254137215,60,8760,364
1,normal_cyc,0.9216747456351664,60,8760,364
2,frac,0.9228452295477494,60,8760,364
3,frac_cyc,0.9198396275281104,60,8760,364
0,normal,0.7735726831535882,60,8760,402
1,normal_cyc,0.7660637321298889,60,8760,402
2,frac,0.6588157982026377,60,8760,402
3,frac_cyc,0.77670685997391,60,8760,402
0,normal,0.8120803877953598,60,8760,416
1,normal_cyc,0.8385631310093482,60,8760,416
2,frac,0.8197689533964141,60,8760,416
3,frac_cyc,0.8210486544431224,60,8760,416
0,normal,0.6757729810516402,60,8760,370
1,normal_cyc,0.6724642618720901,60,8760,370
2,frac,0.6745527051013874,60,8760,370
3,frac_cyc,0.6785742002359291,60,8760,370
0,normal,0.7249758241603903,60,8760,358
1,normal_cyc,0.765589530030085,60,8760,358
2,frac,0.7712615020787099,60,8760,358
3,frac_cyc,0.8200312062503394,60,8760,358
0,normal,-inf,15,114962,42
1,normal_cyc,-inf,15,114962,42
2,frac,-inf,15,114962,42
3,frac_cyc,-inf,15,114962,42
0,normal,0.848808836088863,15,54657,56
1,normal_cyc,0.8206777136820582,15,54657,56
2,frac,0.8463406864473805,15,54657,56
3,frac_cyc,0.8509351487950719,15,54657,56
0,normal,0.6990637159420625,15,46095,81
1,normal_cyc,0.7587008008858204,15,46095,81
2,frac,0.6989401561564641,15,46095,81
3,frac_cyc,0.7543795150540294,15,46095,81
0,normal,0.5694732540374176,60,8760,600
1,normal_cyc,0.6405118159840897,60,8760,600
2,frac,0.5886407388278926,60,8760,600
3,frac_cyc,0.6025733405030181,60,8760,600
0,normal,0.4688652292201883,60,8760,172
1,normal_cyc,0.5315599699736423,60,8760,172
2,frac,0.46557908444178997,60,8760,172
3,frac_cyc,0.6170372683970754,60,8760,172
0,normal,0.7756422781705025,60,8760,199
1,normal_cyc,0.7366216929368807,60,8760,199
2,frac,0.7589742035842864,60,8760,199
3,frac_cyc,0.781813735319612,60,8760,199
0,normal,0.8066604634795485,60,8760,210
1,normal_cyc,0.7449716939409766,60,8760,210
2,frac,0.7711592268986042,60,8760,210
3,frac_cyc,0.7980197098580772,60,8760,210
0,normal,0.5984465262001659,60,8784,576
1,normal_cyc,0.4692477517381941,60,8784,576
2,frac,0.5458081030842802,60,8784,576
3,frac_cyc,0.5138587788192357,60,8784,576
0,normal,0.8767081096251796,60,8760,562
1,normal_cyc,0.8763517025495088,60,8760,562
2,frac,0.8834707875840361,60,8760,562
3,frac_cyc,0.8876444228167452,60,8760,562
0,normal,-6.663635318038712,60,8760,204
1,normal_cyc,-6.385516622052684,60,8760,204
2,frac,-5.307975413380922,60,8760,204
3,frac_cyc,-6.347661197940392,60,8760,204
0,normal,0.8563118551448516,60,8760,238
1,normal_cyc,0.6821613751464226,60,8760,238
2,frac,0.8626108975705529,60,8760,238
3,frac_cyc,0.8639182284870108,60,8760,238
0,normal,0.7291716966168238,60,8784,589
1,normal_cyc,0.6590633884544073,60,8784,589
2,frac,0.7427634618916843,60,8784,589
3,frac_cyc,0.7191295375388518,60,8784,589
0,normal,0.7305839454855289,60,8784,588
1,normal_cyc,0.7604222237409406,60,8784,588
2,frac,0.7649549242864737,60,8784,588
3,frac_cyc,0.7721706402607611,60,8784,588
0,normal,0.8681538153659557,60,8760,239
1,normal_cyc,0.7799614154211155,60,8760,239
2,frac,0.8496288773084232,60,8760,239
3,frac_cyc,0.8506183951633087,60,8760,239
0,normal,0.9661411491141277,60,8760,563
1,normal_cyc,0.9638950489322272,60,8760,563
2,frac,0.963856997762806,60,8760,563
3,frac_cyc,0.9552813382020303,60,8760,563
0,normal,0.7268234507968634,60,8760,205
1,normal_cyc,0.716453442965822,60,8760,205
2,frac,0.6993404167587887,60,8760,205
3,frac_cyc,0.7439227352023468,60,8760,205
0,normal,0.7696690342724407,60,8760,211
1,normal_cyc,0.7515899974814539,60,8760,211
2,frac,0.771453342292777,60,8760,211
3,frac_cyc,0.7914664513172059,60,8760,211
0,normal,0.7098829304253033,60,8784,577
1,normal_cyc,0.5849373016570457,60,8784,577
2,frac,0.6935461300674374,60,8784,577
3,frac_cyc,0.708864143105933,60,8784,577
0,normal,-1.6006846760410651,60,8760,198
1,normal_cyc,-1.694287195214738,60,8760,198
2,frac,-1.7595401872509076,60,8760,198
3,frac_cyc,-1.617242193625285,60,8760,198
0,normal,-4.1388932520855235,60,8760,173
1,normal_cyc,-3.9317707695011253,60,8760,173
2,frac,-4.278926903651987,60,8760,173
3,frac_cyc,-5.013607635292907,60,8760,173
0,normal,-1.410040446403768,60,8760,601
1,normal_cyc,-1.7105507475667097,60,8760,601
2,frac,-1.5617227055547807,60,8760,601
3,frac_cyc,-1.52124876591178,60,8760,601
0,normal,-0.4323053183866369,60,8760,167
1,normal_cyc,-0.3454981937904948,60,8760,167
2,frac,-0.6427692499451445,60,8760,167
3,frac_cyc,-0.7234076802790219,60,8760,167
0,normal,-inf,15,79381,94
1,normal_cyc,-inf,15,79381,94
2,frac,-inf,15,79381,94
3,frac_cyc,-inf,15,79381,94
0,normal,0.8077146150750538,15,48081,80
1,normal_cyc,0.8182870755508094,15,48081,80
2,frac,0.8019311572574191,15,48081,80
3,frac_cyc,0.8050665404542411,15,48081,80
0,normal,0.7468929283449031,15,67199,57
1,normal_cyc,0.705380008621638,15,67199,57
2,frac,0.7510993944241118,15,67199,57
3,frac_cyc,0.7515932059244713,15,67199,57
0,normal,0.7806164163349328,60,8760,359
1,normal_cyc,0.6584447076379781,60,8760,359
2,frac,0.7056232585232352,60,8760,359
3,frac_cyc,0.6517637395847325,60,8760,359
0,normal,0.2583413466434584,15,91926,43
1,normal_cyc,0.31551112345855337,15,91926,43
2,frac,0.22647894007541186,15,91926,43
3,frac_cyc,0.2877694020480664,15,91926,43
0,normal,0.8464650059084781,60,8760,417
1,normal_cyc,0.8374498054144547,60,8760,417
2,frac,0.8227772569161221,60,8760,417
3,frac_cyc,0.8436613003720825,60,8760,417
0,normal,0.8650917871631555,60,8760,371
1,normal_cyc,0.8572432755579076,60,8760,371
2,frac,0.8517944578959282,60,8760,371
3,frac_cyc,0.8773659669056325,60,8760,371
0,normal,0.7898278954530689,60,8760,365
1,normal_cyc,0.7654792940746751,60,8760,365
2,frac,0.7761807366561769,60,8760,365
3,frac_cyc,0.7721008380227299,60,8760,365
0,normal,0.9346545574090814,60,8760,403
1,normal_cyc,0.9166827922193984,60,8760,403
2,frac,0.924511563199363,60,8760,403
3,frac_cyc,0.9261840349758583,60,8760,403
0,normal,-inf,15,81417,47
1,normal_cyc,-inf,15,81417,47
2,frac,-inf,15,81417,47
3,frac_cyc,-inf,15,81417,47
0,normal,0.7535043349717997,60,8760,349
1,normal_cyc,0.7547179928599007,60,8760,349
2,frac,0.760151815837451,60,8760,349
3,frac_cyc,0.7965873945668912,60,8760,349
0,normal,-inf,15,53816,53
1,normal_cyc,-inf,15,53816,53
2,frac,-inf,15,53816,53
3,frac_cyc,-inf,15,53816,53
0,normal,0.8501137521524718,60,8760,407
1,normal_cyc,0.8749326087515689,60,8760,407
2,frac,0.8585241422386998,60,8760,407
3,frac_cyc,0.8509887626997231,60,8760,407
0,normal,0.7987108626262767,60,8760,361
1,normal_cyc,0.7647256585144806,60,8760,361
2,frac,0.7605858518677995,60,8760,361
3,frac_cyc,0.7882441927470019,60,8760,361
0,normal,0.9046769231854884,60,8784,375
1,normal_cyc,0.903718361837828,60,8784,375
2,frac,0.9095427048686882,60,8784,375
3,frac_cyc,0.9078939847695496,60,8784,375
0,normal,0.8746164913819732,60,8760,413
1,normal_cyc,0.8899506899887365,60,8760,413
2,frac,0.8756376890910085,60,8760,413
3,frac_cyc,0.8905394173671197,60,8760,413
0,normal,-inf,15,102187,84
1,normal_cyc,-inf,15,102187,84
2,frac,-inf,15,102187,84
3,frac_cyc,-inf,15,102187,84
0,normal,-inf,15,124407,90
1,normal_cyc,-inf,15,124407,90
2,frac,-inf,15,124407,90
3,frac_cyc,-inf,15,124407,90
0,normal,0.7432133390798278,60,8760,163
1,normal_cyc,0.7033920273243779,60,8760,163
2,frac,0.7074624057226062,60,8760,163
3,frac_cyc,0.7767674027821027,60,8760,163
0,normal,0.7701698529182329,60,8760,177
1,normal_cyc,0.7985304215442838,60,8760,177
2,frac,0.7779415959029237,60,8760,177
3,frac_cyc,0.8259358429479193,60,8760,177
0,normal,-1.4807446850398671,60,8760,229
1,normal_cyc,-1.5091834991938438,60,8760,229
2,frac,-1.6332264314480076,60,8760,229
3,frac_cyc,-1.5854014978264181,60,8760,229
0,normal,0.39169374428230924,60,8784,573
1,normal_cyc,0.3844362432685695,60,8784,573
2,frac,0.39662509504905,60,8784,573
3,frac_cyc,0.4055179177896686,60,8784,573
0,normal,0.7379451376814854,60,8760,215
1,normal_cyc,0.7091338920390949,60,8760,215
2,frac,0.7062196890107724,60,8760,215
3,frac_cyc,0.7575984526997354,60,8760,215
0,normal,-6.482554699353089,60,8760,201
1,normal_cyc,-6.3388931435449205,60,8760,201
2,frac,-4.83173120139211,60,8760,201
3,frac_cyc,-5.60011783052619,60,8760,201
0,normal,0.622767210775224,60,8784,567
1,normal_cyc,0.38742980706473323,60,8784,567
2,frac,0.5771074480861265,60,8784,567
3,frac_cyc,0.5494310033992534,60,8784,567
0,normal,0.8806787727093469,60,8784,598
1,normal_cyc,0.8681749676476563,60,8784,598
2,frac,0.8867294056991796,60,8784,598
3,frac_cyc,0.909629459572481,60,8784,598
0,normal,0.29167801775371616,60,8760,599
1,normal_cyc,0.08722214436245314,60,8760,599
2,frac,0.25790646601780515,60,8760,599
3,frac_cyc,0.2838361406166051,60,8760,599
0,normal,0.7234413227138198,60,8760,200
1,normal_cyc,0.7578742681494114,60,8760,200
2,frac,0.734269843240312,60,8760,200
3,frac_cyc,0.7750953099701081,60,8760,200
0,normal,0.7437210310841696,60,8784,566
1,normal_cyc,0.6060630527154954,60,8784,566
2,frac,0.7054846125331595,60,8784,566
3,frac_cyc,0.6830833187157425,60,8784,566
0,normal,0.5738880957762652,60,8784,572
1,normal_cyc,0.437191967566146,60,8784,572
2,frac,0.5108057405129445,60,8784,572
3,frac_cyc,0.5168134567232248,60,8784,572
0,normal,-1.0977033236456017,60,8760,214
1,normal_cyc,-1.2790094780389871,60,8760,214
2,frac,-1.3845860129668792,60,8760,214
3,frac_cyc,-1.3157547537267147,60,8760,214
0,normal,0.8552957778696642,60,8760,228
1,normal_cyc,0.8561526964552143,60,8760,228
2,frac,0.850169936108734,60,8760,228
3,frac_cyc,0.8848422150608329,60,8760,228
0,normal,-1.5290899074879998,60,8760,189
1,normal_cyc,-1.9540067924223814,60,8760,189
2,frac,-1.9299966639708888,60,8760,189
3,frac_cyc,-1.122446130764077,60,8760,189
0,normal,-2.026507680526672,60,8760,176
1,normal_cyc,-2.103622161204923,60,8760,176
2,frac,-2.09286715280896,60,8760,176
3,frac_cyc,-2.151130449420315,60,8760,176
0,normal,-1.6766684195690604,60,8760,162
1,normal_cyc,-2.2310354935343617,60,8760,162
2,frac,-2.1782378509585443,60,8760,162
3,frac_cyc,-2.0734480632053454,60,8760,162
0,normal,-inf,15,102359,91
1,normal_cyc,-inf,15,102359,91
2,frac,-inf,15,102359,91
3,frac_cyc,-inf,15,102359,91
0,normal,0.8764026255608528,15,120432,85
1,normal_cyc,0.8850163002405226,15,120432,85
2,frac,0.8813781249546652,15,120432,85
3,frac_cyc,0.8765787500309628,15,120432,85
0,normal,0.9272719463870471,60,8784,374
1,normal_cyc,0.930926652647268,60,8784,374
2,frac,0.9189381525810972,60,8784,374
3,frac_cyc,0.9336263011374792,60,8784,374
0,normal,0.8952216533649631,60,8760,412
1,normal_cyc,0.8896560953538369,60,8760,412
2,frac,0.8905706741557982,60,8760,412
3,frac_cyc,0.889873076625957,60,8760,412
0,normal,0.5621751141104966,60,8760,406
1,normal_cyc,0.7164703648631751,60,8760,406
2,frac,0.5732122354572946,60,8760,406
3,frac_cyc,0.6982124281750692,60,8760,406
0,normal,0.85087794121705,60,8760,360
1,normal_cyc,0.848920640066796,60,8760,360
2,frac,0.8454175369778937,60,8760,360
3,frac_cyc,0.8549044875569255,60,8760,360
0,normal,0.9264564664018863,60,8760,348
1,normal_cyc,0.9117817520386376,60,8760,348
2,frac,0.9176033164719153,60,8760,348
3,frac_cyc,0.9200077208657462,60,8760,348
0,normal,0.8354046349375788,15,57660,52
1,normal_cyc,0.8250017074351578,15,57660,52
2,frac,0.8381332137606686,15,57660,52
3,frac_cyc,0.841365448987245,15,57660,52
0,normal,0.2308072912897284,15,86349,46
1,normal_cyc,0.2560884970278963,15,86349,46
2,frac,0.1732290895114023,15,86349,46
3,frac_cyc,0.20210430508476845,15,86349,46
0,normal,0.5869562398890937,15,51932,50
1,normal_cyc,0.5599938046162004,15,51932,50
2,frac,0.5707743918435163,15,51932,50
3,frac_cyc,0.6049838557487963,15,51932,50
0,normal,0.8682227995560561,60,8760,438
1,normal_cyc,0.8824742338291436,60,8760,438
2,frac,0.8707253145236412,60,8760,438
3,frac_cyc,0.8810273545673569,60,8760,438
0,normal,0.81404879900065,15,91676,44
1,normal_cyc,0.8186763844606914,15,91676,44
2,frac,0.8221828460693673,15,91676,44
3,frac_cyc,0.8186576368908902,15,91676,44
0,normal,0.6544151262428594,60,8760,410
1,normal_cyc,0.6517944579081747,60,8760,410
2,frac,0.6763155027961353,60,8760,410
3,frac_cyc,0.6921271402847217,60,8760,410
0,normal,0.5957274288175224,60,8760,376
1,normal_cyc,0.6419485604123247,60,8760,376
2,frac,0.6097328935465173,60,8760,376
3,frac_cyc,0.657237504450145,60,8760,376
0,normal,0.702713240419782,60,8760,362
1,normal_cyc,0.737837897867761,60,8760,362
2,frac,0.6971691183786439,60,8760,362
3,frac_cyc,0.7832798141090224,60,8760,362
0,normal,0.6713556382982006,60,8760,404
1,normal_cyc,0.7187202929020702,60,8760,404
2,frac,0.6926249124149091,60,8760,404
3,frac_cyc,0.7502651031453023,60,8760,404
0,normal,0.854989957473088,15,49738,78
1,normal_cyc,0.8483929165663626,15,49738,78
2,frac,0.8531360583376605,15,49738,78
3,frac_cyc,0.8515345985728161,15,49738,78
0,normal,0.5802720466589057,15,59637,93
1,normal_cyc,0.45666298927253224,15,59637,93
2,frac,0.5624330707021219,15,59637,93
3,frac_cyc,0.583634817442558,15,59637,93
0,normal,0.89235291617455,60,8760,389
1,normal_cyc,0.894677599022704,60,8760,389
2,frac,0.8866559672966469,60,8760,389
3,frac_cyc,0.8960183532050098,60,8760,389
0,normal,0.7622396037119822,15,42114,87
1,normal_cyc,0.7241327854450686,15,42114,87
2,frac,0.7386544854043482,15,42114,87
3,frac_cyc,0.7345526887892189,15,42114,87
0,normal,-2.0451326319650587,60,8760,148
1,normal_cyc,-2.0283395213838724,60,8760,148
2,frac,-2.263346775525222,60,8760,148
3,frac_cyc,-2.2766284731378925,60,8760,148
0,normal,0.6103336816303505,60,8760,174
1,normal_cyc,0.5284700678801173,60,8760,174
2,frac,0.5498013744174631,60,8760,174
3,frac_cyc,0.5579058555796572,60,8760,174
0,normal,-3.1751998707863125,60,8760,160
1,normal_cyc,-2.92057359961408,60,8760,160
2,frac,-3.159445376796307,60,8760,160
3,frac_cyc,-2.870291926571305,60,8760,160
0,normal,0.6368360786330669,60,8760,558
1,normal_cyc,0.4504997662312749,60,8760,558
2,frac,0.4944159895405267,60,8760,558
3,frac_cyc,0.4525658892739791,60,8760,558
0,normal,0.680800243316979,60,8784,564
1,normal_cyc,0.7028175686328468,60,8784,564
2,frac,0.7304720585263247,60,8784,564
3,frac_cyc,0.746612112270252,60,8784,564
0,normal,0.7686093820317691,60,8760,202
1,normal_cyc,0.8080789860039745,60,8760,202
2,frac,0.7581892315706711,60,8760,202
3,frac_cyc,0.8275535188173699,60,8760,202
0,normal,0.627053152074987,60,8760,216
1,normal_cyc,0.6858240965167706,60,8760,216
2,frac,0.6281645545622835,60,8760,216
3,frac_cyc,0.7131030418524282,60,8760,216
0,normal,0.5096337451794674,60,8784,570
1,normal_cyc,0.4056477980933925,60,8784,570
2,frac,0.47984811612572964,60,8784,570
3,frac_cyc,0.4959864241818265,60,8784,570
0,normal,0.7303933843320956,60,8760,217
1,normal_cyc,0.6785536062755895,60,8760,217
2,frac,0.6200955442479028,60,8760,217
3,frac_cyc,0.7342759590296529,60,8760,217
0,normal,0.7270007765403125,60,8784,571
1,normal_cyc,0.7237806459085205,60,8784,571
2,frac,0.7586646712142655,60,8784,571
3,frac_cyc,0.748303844875204,60,8784,571
0,normal,0.6179688128692706,60,8784,565
1,normal_cyc,0.3751684244745143,60,8784,565
2,frac,0.5782412224722604,60,8784,565
3,frac_cyc,0.5625502965882568,60,8784,565
0,normal,0.6133956216408837,60,8760,203
1,normal_cyc,0.5998432315491447,60,8760,203
2,frac,0.5879415821312765,60,8760,203
3,frac_cyc,0.587484525123466,60,8760,203
0,normal,0.8252196359010863,60,8760,559
1,normal_cyc,0.7788723868541253,60,8760,559
2,frac,0.7252116274018643,60,8760,559
3,frac_cyc,0.7912778493734669,60,8760,559
0,normal,-1.9435139363200924,60,8760,161
1,normal_cyc,-1.966071668868904,60,8760,161
2,frac,-2.163528259260386,60,8760,161
3,frac_cyc,-1.9367335380938293,60,8760,161
0,normal,-1.2322955815962138,60,8760,175
1,normal_cyc,-1.2288642044795322,60,8760,175
2,frac,-1.260431113734664,60,8760,175
3,frac_cyc,-1.3186550957676748,60,8760,175
0,normal,-2.059302364206347,60,8760,149
1,normal_cyc,-2.019662318519361,60,8760,149
2,frac,-2.0898299988928297,60,8760,149
3,frac_cyc,-2.134470854590197,60,8760,149
0,normal,-inf,15,42373,86
1,normal_cyc,-inf,15,42373,86
2,frac,-inf,15,42373,86
3,frac_cyc,-inf,15,42373,86
0,normal,0.5416676184203656,15,62858,92
1,normal_cyc,0.39083948886985864,15,62858,92
2,frac,0.6044162109606481,15,62858,92
3,frac_cyc,0.5399363549136073,15,62858,92
0,normal,0.8411224774541768,60,8760,388
1,normal_cyc,0.8456166847593695,60,8760,388
2,frac,0.7852294451462681,60,8760,388
3,frac_cyc,0.8477776260627616,60,8760,388
0,normal,0.8860967393247261,60,8760,363
1,normal_cyc,0.8827637411748704,60,8760,363
2,frac,0.8953189338945948,60,8760,363
3,frac_cyc,0.8953233319150438,60,8760,363
0,normal,0.8551777845075743,15,48118,79
1,normal_cyc,0.8448653253019837,15,48118,79
2,frac,0.8611425864787323,15,48118,79
3,frac_cyc,0.8532450500617447,15,48118,79
0,normal,-4.263008722159265,60,8760,405
1,normal_cyc,-4.204430100372533,60,8760,405
2,frac,-3.879052256543026,60,8760,405
3,frac_cyc,-4.091697731107422,60,8760,405
0,normal,0.7835522335057803,60,8760,411
1,normal_cyc,0.8008216462469699,60,8760,411
2,frac,0.7814195026680808,60,8760,411
3,frac_cyc,0.8278659252802268,60,8760,411
0,normal,0.8183879231234932,60,8760,377
1,normal_cyc,0.7588750463771894,60,8760,377
2,frac,0.7649111056027852,60,8760,377
3,frac_cyc,0.7978515269388832,60,8760,377
0,normal,-inf,15,78529,45
1,normal_cyc,-inf,15,78529,45
2,frac,-inf,15,78529,45
3,frac_cyc,-inf,15,78529,45
0,normal,0.7365433914687461,60,8760,439
1,normal_cyc,0.6819065078100208,60,8760,439
2,frac,0.6858028966543867,60,8760,439
3,frac_cyc,0.7232810663526448,60,8760,439
0,normal,0.7861674951603853,15,57174,51
1,normal_cyc,0.7659080213621995,15,57174,51
2,frac,0.7917019032004933,15,57174,51
3,frac_cyc,0.7969204444762633,15,57174,51
0,normal,0.9153757295472382,60,8760,352
1,normal_cyc,0.9042651378712531,60,8760,352
2,frac,0.8942044555308222,60,8760,352
3,frac_cyc,0.9051785009110099,60,8760,352
0,normal,0.7694191442684142,60,8760,434
1,normal_cyc,0.8128784537083158,60,8760,434
2,frac,0.7267025130034448,60,8760,434
3,frac_cyc,0.7904323858388992,60,8760,434
0,normal,0.8169948000328398,15,95782,48
1,normal_cyc,0.8199820594333294,15,95782,48
2,frac,0.8218249558956912,15,95782,48
3,frac_cyc,0.8277338459569556,15,95782,48
0,normal,0.9718252033070647,60,8760,420
1,normal_cyc,0.9708379206245024,60,8760,420
2,frac,0.9712588417548026,60,8760,420
3,frac_cyc,0.9725095771019286,60,8760,420
0,normal,0.900496221445948,60,8760,346
1,normal_cyc,0.9052510518768917,60,8760,346
2,frac,0.9031070294561424,60,8760,346
3,frac_cyc,0.90724158637882,60,8760,346
0,normal,0.9024341704517284,60,8760,408
1,normal_cyc,0.9048342513643532,60,8760,408
2,frac,0.9116221296014766,60,8760,408
3,frac_cyc,0.910686218086408,60,8760,408
0,normal,0.7581260558549124,15,98998,74
1,normal_cyc,0.7357404147464358,15,98998,74
2,frac,0.7221386096837608,15,98998,74
3,frac_cyc,0.7305997760707316,15,98998,74
0,normal,0.8121181411036322,15,46765,60
1,normal_cyc,0.6562226297331715,15,46765,60
2,frac,0.8081747294979442,15,46765,60
3,frac_cyc,0.8088892739462101,15,46765,60
0,normal,0.8456378555255202,60,8760,391
1,normal_cyc,0.8229160985587926,60,8760,391
2,frac,0.8386932421379419,60,8760,391
3,frac_cyc,0.8492327064647094,60,8760,391
0,normal,0.8425027400614752,60,8760,385
1,normal_cyc,0.8568266803465958,60,8760,385
2,frac,0.8133305785167898,60,8760,385
3,frac_cyc,0.8662802830045638,60,8760,385
0,normal,-2.6454539269193,60,8760,150
1,normal_cyc,-2.385678305571995,60,8760,150
2,frac,-2.5450896474374556,60,8760,150
3,frac_cyc,-2.4899018055131075,60,8760,150
0,normal,0.9001927311227639,60,8784,144
1,normal_cyc,0.9064314520486749,60,8784,144
2,frac,0.88757431158644,60,8784,144
3,frac_cyc,0.9136427801861455,60,8784,144
0,normal,-0.31068344472920484,60,8760,178
1,normal_cyc,-0.3131675085641799,60,8760,178
2,frac,-0.3933918961813385,60,8760,178
3,frac_cyc,-0.27305560355880326,60,8760,178
0,normal,-8.553934841291229,60,8760,193
1,normal_cyc,-8.068900344627526,60,8760,193
2,frac,-5.304526930406538,60,8760,193
3,frac_cyc,-7.611812782969427,60,8760,193
0,normal,0.8580469509058511,60,8760,187
1,normal_cyc,0.8825145882096973,60,8760,187
2,frac,0.8733488389916467,60,8760,187
3,frac_cyc,0.8894762904562747,60,8760,187
0,normal,0.7485420594565276,60,8760,226
1,normal_cyc,0.784790333974594,60,8760,226
2,frac,0.7527754623502924,60,8760,226
3,frac_cyc,0.7645534198697933,60,8760,226
0,normal,0.9461453900382377,60,8760,540
1,normal_cyc,0.9332302281129147,60,8760,540
2,frac,0.9344326545698897,60,8760,540
3,frac_cyc,0.9507267211654442,60,8760,540
0,normal,0.9006647793465002,60,8760,554
1,normal_cyc,0.8711695078646392,60,8760,554
2,frac,0.8779616753285101,60,8760,554
3,frac_cyc,0.9006273206368798,60,8760,554
0,normal,0.7269269823916497,60,8760,232
1,normal_cyc,0.753218227544093,60,8760,232
2,frac,0.7358821012763623,60,8760,232
3,frac_cyc,0.7713799828147981,60,8760,232
0,normal,0.5325045326526867,60,8784,568
1,normal_cyc,0.5480717302345173,60,8784,568
2,frac,0.5940200752279842,60,8784,568
3,frac_cyc,0.5879961510070991,60,8784,568
0,normal,0.2750104720090951,60,8784,583
1,normal_cyc,0.02745973984505557,60,8784,583
2,frac,0.15156630270317634,60,8784,583
3,frac_cyc,0.06228897144566899,60,8784,583
0,normal,0.8807105864086775,60,8784,597
1,normal_cyc,0.868341996099767,60,8784,597
2,frac,0.8866804604382088,60,8784,597
3,frac_cyc,0.9096397673778981,60,8784,597
0,normal,0.7877953419308968,60,8784,596
1,normal_cyc,0.675157186735576,60,8784,596
2,frac,0.7576800321816799,60,8784,596
3,frac_cyc,0.7477494926921198,60,8784,596
0,normal,0.6357775067993832,60,8784,582
1,normal_cyc,0.37289306290974694,60,8784,582
2,frac,0.5255091454148172,60,8784,582
3,frac_cyc,0.45670242552267476,60,8784,582
0,normal,0.5322771705904029,60,8784,569
1,normal_cyc,0.543867726503856,60,8784,569
2,frac,0.5940501355465476,60,8784,569
3,frac_cyc,0.5842192493903811,60,8784,569
0,normal,0.9081332569088254,60,8760,555
1,normal_cyc,0.9144716237285362,60,8760,555
2,frac,0.9006585133129287,60,8760,555
3,frac_cyc,0.9141159993273252,60,8760,555
0,normal,0.810644807241042,60,8760,233
1,normal_cyc,0.7800676344304291,60,8760,233
2,frac,0.8078440789576647,60,8760,233
3,frac_cyc,0.8082156169541159,60,8760,233
0,normal,-0.9793328526087542,60,8760,227
1,normal_cyc,-0.8726098728565914,60,8760,227
2,frac,-1.0345296738615513,60,8760,227
3,frac_cyc,-1.0902194436526385,60,8760,227
0,normal,0.9184433115766278,60,8760,541
1,normal_cyc,0.91782789729359,60,8760,541
2,frac,0.9098762285480373,60,8760,541
3,frac_cyc,0.919185867224596,60,8760,541
0,normal,0.5240961529294903,60,8760,186
1,normal_cyc,0.43772843471666373,60,8760,186
2,frac,0.4977903404034159,60,8760,186
3,frac_cyc,0.5076341587007998,60,8760,186
0,normal,-6.930615212736411,60,8760,179
1,normal_cyc,-6.521024277054449,60,8760,179
2,frac,-4.131629883020178,60,8760,179
3,frac_cyc,-5.820473909836557,60,8760,179
0,normal,-4.241881380287838,60,8760,145
1,normal_cyc,-3.8964534206735886,60,8760,145
2,frac,-4.107436647297892,60,8760,145
3,frac_cyc,-3.8116811163440194,60,8760,145
0,normal,-5.705031459678894,60,8760,151
1,normal_cyc,-5.257171544337154,60,8760,151
2,frac,-3.4283884784222,60,8760,151
3,frac_cyc,-4.795548322256466,60,8760,151
0,normal,0.6439513872682608,60,8760,384
1,normal_cyc,0.6540217458265524,60,8760,384
2,frac,0.6618754132775242,60,8760,384
3,frac_cyc,0.7180142623955414,60,8760,384
0,normal,0.8931590542224892,60,8760,390
1,normal_cyc,0.9007845237323495,60,8760,390
2,frac,0.8943514127390613,60,8760,390
3,frac_cyc,0.9229746487618189,60,8760,390
0,normal,0.8121506963395064,15,46765,61
1,normal_cyc,0.6560352669352179,15,46765,61
2,frac,0.8084260968027313,15,46765,61
3,frac_cyc,0.8067087153347715,15,46765,61
0,normal,-12.809780632719173,15,76594,75
1,normal_cyc,-11.96140223097075,15,76594,75
2,frac,-14.706783079891412,15,76594,75
3,frac_cyc,-14.575464559267926,15,76594,75
0,normal,0.9178459563496799,60,8760,409
1,normal_cyc,0.9199479686093911,60,8760,409
2,frac,0.9177216999777966,60,8760,409
3,frac_cyc,0.9222670030743106,60,8760,409
0,normal,0.7049906956984494,60,8760,421
1,normal_cyc,0.6169577672674602,60,8760,421
2,frac,0.6524897827715919,60,8760,421
3,frac_cyc,0.62707051871382,60,8760,421
0,normal,0.6119848900199167,60,8760,347
1,normal_cyc,0.4910525276986162,60,8760,347
2,frac,0.5437081786836148,60,8760,347
3,frac_cyc,0.5452209748463557,60,8760,347
0,normal,0.511948701216838,60,8760,353
1,normal_cyc,0.5703443441415534,60,8760,353
2,frac,0.6040584240166901,60,8760,353
3,frac_cyc,0.6175637254806782,60,8760,353
0,normal,0.24886439436476224,15,56136,49
1,normal_cyc,0.18928672587798825,15,56136,49
2,frac,0.18364649989760073,15,56136,49
3,frac_cyc,0.18421478108973124,15,56136,49
0,normal,0.9321397352835894,60,8760,435
1,normal_cyc,0.9278784075445077,60,8760,435
2,frac,0.9263038026920383,60,8760,435
3,frac_cyc,0.9243375927637411,60,8760,435
0,normal,0.8570476753847235,60,8760,345
1,normal_cyc,0.8316354744217634,60,8760,345
2,frac,0.8348216444494865,60,8760,345
3,frac_cyc,0.8229067868063811,60,8760,345
0,normal,0.8649842933607943,60,8760,423
1,normal_cyc,0.8568852206778163,60,8760,423
2,frac,0.8517686649178084,60,8760,423
3,frac_cyc,0.8781048989332396,60,8760,423
0,normal,0.8962060911536576,60,8760,437
1,normal_cyc,0.9091315407635472,60,8760,437
2,frac,0.8966160194804669,60,8760,437
3,frac_cyc,0.9170714808267224,60,8760,437
0,normal,0.7216077388262145,60,8760,351
1,normal_cyc,0.5746070941116083,60,8760,351
2,frac,0.6358873121218361,60,8760,351
3,frac_cyc,0.654033695328063,60,8760,351
0,normal,0.7206795144831502,60,8760,379
1,normal_cyc,0.6561790514542198,60,8760,379
2,frac,0.7340719949833692,60,8760,379
3,frac_cyc,0.7163434717132906,60,8760,379
0,normal,-inf,15,73206,63
1,normal_cyc,-inf,15,73206,63
2,frac,-inf,15,73206,63
3,frac_cyc,-inf,15,73206,63
0,normal,0.15095591512967402,15,51421,77
1,normal_cyc,0.06423139839730498,15,51421,77
2,frac,0.08378507002141616,15,51421,77
3,frac_cyc,0.03734588924728678,15,51421,77
0,normal,0.6761909304310426,60,8760,386
1,normal_cyc,0.588520806986714,60,8760,386
2,frac,0.5538063116363752,60,8760,386
3,frac_cyc,0.5820018138964668,60,8760,386
0,normal,-inf,15,126370,88
1,normal_cyc,-inf,15,126370,88
2,frac,-inf,15,126370,88
3,frac_cyc,-inf,15,126370,88
0,normal,0.8575667764647074,60,8760,392
1,normal_cyc,0.8678505996801609,60,8760,392
2,frac,0.8610825556806956,60,8760,392
3,frac_cyc,0.8830079872148306,60,8760,392
0,normal,-8.162802161597401,60,8760,147
1,normal_cyc,-7.405956186317057,60,8760,147
2,frac,-5.685452467279092,60,8760,147
3,frac_cyc,-7.622638258114109,60,8760,147
0,normal,0.9328495433980144,60,8784,153
1,normal_cyc,0.9481510511626126,60,8784,153
2,frac,0.9323717045088349,60,8784,153
3,frac_cyc,0.9477396285811186,60,8784,153
0,normal,-7.086402404826009,60,8760,184
1,normal_cyc,-6.845879714607829,60,8760,184
2,frac,-4.770575299104642,60,8760,184
3,frac_cyc,-6.257996753415443,60,8760,184
0,normal,-2.314511099224595,60,8760,190
1,normal_cyc,-2.2640211851033176,60,8760,190
2,frac,-2.2631837695968358,60,8760,190
3,frac_cyc,-2.6437685941703344,60,8760,190
0,normal,-5.169777363909963,60,8760,231
1,normal_cyc,-4.925518097408904,60,8760,231
2,frac,-3.946633502597333,60,8760,231
3,frac_cyc,-4.502549688976902,60,8760,231
0,normal,0.727189397277588,60,8760,557
1,normal_cyc,0.7420703171174756,60,8760,557
2,frac,0.7541656469338528,60,8760,557
3,frac_cyc,0.7522702459132005,60,8760,557
0,normal,0.9529633755425325,60,8760,543
1,normal_cyc,0.9425124208354149,60,8760,543
2,frac,0.9459009253957084,60,8760,543
3,frac_cyc,0.9604534053708147,60,8760,543
0,normal,0.7321228069920991,60,8760,225
1,normal_cyc,0.732101601751497,60,8760,225
2,frac,0.7231956097457692,60,8760,225
3,frac_cyc,0.7398889825197803,60,8760,225
0,normal,-1.3586780685946682,60,8760,219
1,normal_cyc,-1.37949674483963,60,8760,219
2,frac,-1.4464440494523096,60,8760,219
3,frac_cyc,-1.4162106769365743,60,8760,219
0,normal,0.7767877307724288,60,8784,594
1,normal_cyc,0.7360326379857214,60,8784,594
2,frac,0.7627451205171607,60,8784,594
3,frac_cyc,0.7758902776207794,60,8784,594
0,normal,0.7424544291671384,60,8784,580
1,normal_cyc,0.7777163330249092,60,8784,580
2,frac,0.7839620178914298,60,8784,580
3,frac_cyc,0.7826857771691603,60,8784,580
0,normal,0.6366016611627441,60,8784,581
1,normal_cyc,0.3667289849056566,60,8784,581
2,frac,0.5256754900246216,60,8784,581
3,frac_cyc,0.46272792211615044,60,8784,581
0,normal,0.7694930542051349,60,8784,595
1,normal_cyc,0.6769652512956856,60,8784,595
2,frac,0.7458585201463239,60,8784,595
3,frac_cyc,0.6889512208010663,60,8784,595
0,normal,0.8149281868295011,60,8760,218
1,normal_cyc,0.7730730218922722,60,8760,218
2,frac,0.8031654014882864,60,8760,218
3,frac_cyc,0.7926649615570854,60,8760,218
0,normal,0.818573668023659,60,8760,542
1,normal_cyc,0.8444869186565651,60,8760,542
2,frac,0.813181971548326,60,8760,542
3,frac_cyc,0.8460879857904614,60,8760,542
0,normal,0.5410394305339178,60,8760,224
1,normal_cyc,0.5583899402061024,60,8760,224
2,frac,0.5013775103362502,60,8760,224
3,frac_cyc,0.6148074611792064,60,8760,224
0,normal,-1.421661446295631,60,8760,230
1,normal_cyc,-1.4217807929586574,60,8760,230
2,frac,-1.36434625950346,60,8760,230
3,frac_cyc,-1.4139683495677344,60,8760,230
0,normal,0.9128234632230158,60,8784,556
1,normal_cyc,0.8604356825855453,60,8784,556
2,frac,0.899839829175431,60,8784,556
3,frac_cyc,0.9005634851402581,60,8784,556
0,normal,0.8506092506393662,60,8760,191
1,normal_cyc,0.8388915172796663,60,8760,191
2,frac,0.815649713814455,60,8760,191
3,frac_cyc,0.8652793019186991,60,8760,191
0,normal,0.5910077818732715,60,8760,185
1,normal_cyc,0.4964560556946773,60,8760,185
2,frac,0.4842045257896075,60,8760,185
3,frac_cyc,0.5957248345950273,60,8760,185
0,normal,0.531572851931003,60,8760,152
1,normal_cyc,0.5637393868068491,60,8760,152
2,frac,0.5996791365564978,60,8760,152
3,frac_cyc,0.5465663081683082,60,8760,152
0,normal,-1.7047574910977725,60,8760,146
1,normal_cyc,-1.6655808165318358,60,8760,146
2,frac,-1.8097014877525879,60,8760,146
3,frac_cyc,-1.6956864240928486,60,8760,146
0,normal,0.42081893588933733,15,62001,89
1,normal_cyc,0.09814134157402463,15,62001,89
2,frac,0.35596597112998224,15,62001,89
3,frac_cyc,0.32731822702949576,15,62001,89
0,normal,0.4069358899860783,60,8760,393
1,normal_cyc,0.2854076358274845,60,8760,393
2,frac,0.23298963232509626,60,8760,393
3,frac_cyc,0.3983888412480573,60,8760,393
0,normal,-1.2450269800092415,60,8760,387
1,normal_cyc,-1.2465846138701473,60,8760,387
2,frac,-1.2135712979698905,60,8760,387
3,frac_cyc,-1.1132342166834372,60,8760,387
0,normal,-inf,15,72768,76
1,normal_cyc,-inf,15,72768,76
2,frac,-inf,15,72768,76
3,frac_cyc,-inf,15,72768,76
0,normal,0.8946205176309986,60,8760,378
1,normal_cyc,0.8563257696427636,60,8760,378
2,frac,0.8832848655554919,60,8760,378
3,frac_cyc,0.889984443300538,60,8760,378
0,normal,-2.9908025859749516,15,53815,62
1,normal_cyc,-4.693802881348619,15,53815,62
2,frac,-3.541784220659527,15,53815,62
3,frac_cyc,-3.4262767885693424,15,53815,62
0,normal,0.8427474989295118,60,8760,436
1,normal_cyc,0.8166800434140302,60,8760,436
2,frac,0.8275766525713976,60,8760,436
3,frac_cyc,0.8337334796211826,60,8760,436
0,normal,0.8054755512684524,60,8760,350
1,normal_cyc,0.8080171520356516,60,8760,350
2,frac,0.7767797099025976,60,8760,350
3,frac_cyc,0.8244656264296347,60,8760,350
0,normal,0.8366925778626001,60,8760,344
1,normal_cyc,0.793316444039852,60,8760,344
2,frac,0.8250248884823196,60,8760,344
3,frac_cyc,0.8328948235052996,60,8760,344
0,normal,0.7600097621668218,60,8760,422
1,normal_cyc,0.683928345830877,60,8760,422
2,frac,0.671578245655104,60,8760,422
3,frac_cyc,0.6971317914956594,60,8760,422
0,normal,0.34170614327437243,15,53761,66
1,normal_cyc,0.2582198709945411,15,53761,66
2,frac,0.35072723297209757,15,53761,66
3,frac_cyc,0.3442325306162656,15,53761,66
0,normal,0.8666673984794988,60,8760,368
1,normal_cyc,0.8444226697318583,60,8760,368
2,frac,0.8484228853047636,60,8760,368
3,frac_cyc,0.8716155643438778,60,8760,368
0,normal,-inf,15,51953,72
1,normal_cyc,-inf,15,51953,72
2,frac,-inf,15,51953,72
3,frac_cyc,-inf,15,51953,72
0,normal,-0.4749980127506965,60,8760,426
1,normal_cyc,-0.16006011952995153,60,8760,426
2,frac,-0.3020483768031278,60,8760,426
3,frac_cyc,-0.25574980921038554,60,8760,426
0,normal,0.8100692344515231,60,8760,340
1,normal_cyc,0.8340963687773634,60,8760,340
2,frac,0.8303685114905872,60,8760,340
3,frac_cyc,0.855094143524706,60,8760,340
0,normal,0.8456565028983339,60,8760,354
1,normal_cyc,0.8345760205751634,60,8760,354
2,frac,0.8189977588234584,60,8760,354
3,frac_cyc,0.8524895617945981,60,8760,354
0,normal,0.4871504098432792,60,8760,432
1,normal_cyc,0.4937040178459228,60,8760,432
2,frac,0.415478249259856,60,8760,432
3,frac_cyc,0.40987755692287503,60,8760,432
0,normal,-0.788440032484758,60,8760,99
1,normal_cyc,-0.8918773235458483,60,8760,99
2,frac,-0.6929109799728579,60,8760,99
3,frac_cyc,-0.6007110751148604,60,8760,99
0,normal,-18.73061714037162,60,8760,383
1,normal_cyc,-20.056628693673968,60,8760,383
2,frac,-19.403990502585856,60,8760,383
3,frac_cyc,-18.30648096756945,60,8760,383
0,normal,0.9162060856456608,60,8760,397
1,normal_cyc,0.907693729290129,60,8760,397
2,frac,0.9201546569574224,60,8760,397
3,frac_cyc,0.9198164448716901,60,8760,397
0,normal,-1.9882249129681762,60,8760,142
1,normal_cyc,-1.9879369913442264,60,8760,142
2,frac,-2.125790355634605,60,8760,142
3,frac_cyc,-2.0764484200272593,60,8760,142
0,normal,-2.045943872718168,60,8760,156
1,normal_cyc,-2.06094765583308,60,8760,156
2,frac,-2.0854648164722875,60,8760,156
3,frac_cyc,-1.9970958121624989,60,8760,156
0,normal,-0.5116790809980104,60,8760,181
1,normal_cyc,-0.6928558084659109,60,8760,181
2,frac,-0.5561864023387524,60,8760,181
3,frac_cyc,-0.6050800693120983,60,8760,181
0,normal,0.7189466720123359,60,8760,195
1,normal_cyc,0.6857597931385094,60,8760,195
2,frac,0.6690914741778689,60,8760,195
3,frac_cyc,0.6988028049679879,60,8760,195
0,normal,-4.010731880676538,60,8760,208
1,normal_cyc,-3.9104683366902084,60,8760,208
2,frac,-4.170658134318873,60,8760,208
3,frac_cyc,-3.8343280198495364,60,8760,208
0,normal,0.9244317357759881,60,8760,552
1,normal_cyc,0.9290953820551453,60,8760,552
2,frac,0.9238835111613211,60,8760,552
3,frac_cyc,0.9045924479050382,60,8760,552
0,normal,-5.551776409465019,60,8760,234
1,normal_cyc,-4.896082120246638,60,8760,234
2,frac,-4.209763701036332,60,8760,234
3,frac_cyc,-5.318299290806994,60,8760,234
0,normal,-1.2350694805248752,60,8760,220
1,normal_cyc,-1.1394120228614557,60,8760,220
2,frac,-1.1397056614191665,60,8760,220
3,frac_cyc,-1.0867170139794475,60,8760,220
0,normal,0.8711848414520594,60,8760,546
1,normal_cyc,0.8679758697506542,60,8760,546
2,frac,0.8557894787621174,60,8760,546
3,frac_cyc,0.887547046017413,60,8760,546
0,normal,0.6460073265138884,60,8784,591
1,normal_cyc,0.6730190786277886,60,8784,591
2,frac,0.6149759728799299,60,8784,591
3,frac_cyc,0.6693807720560101,60,8784,591
0,normal,0.7310554094305971,60,8784,585
1,normal_cyc,0.7596956844596341,60,8784,585
2,frac,0.7654088800123396,60,8784,585
3,frac_cyc,0.7813068688741001,60,8784,585
0,normal,0.4407551577599543,60,8784,584
1,normal_cyc,0.515589475316934,60,8784,584
2,frac,0.527752607432196,60,8784,584
3,frac_cyc,0.5047889207927778,60,8784,584
0,normal,0.7096665372596592,60,8784,590
1,normal_cyc,0.7480610088271418,60,8784,590
2,frac,0.7417577974795789,60,8784,590
3,frac_cyc,0.7767650183705993,60,8784,590
0,normal,0.8240027948640738,60,8760,221
1,normal_cyc,0.8237534736435547,60,8760,221
2,frac,0.832637813144023,60,8760,221
3,frac_cyc,0.8341422413078334,60,8760,221
0,normal,0.9380334463173051,60,8760,547
1,normal_cyc,0.911633220504645,60,8760,547
2,frac,0.9134851220560396,60,8760,547
3,frac_cyc,0.935135084920918,60,8760,547
0,normal,0.8804552245851182,60,8760,553
1,normal_cyc,0.8816882774073248,60,8760,553
2,frac,0.8885853376136564,60,8760,553
3,frac_cyc,0.9041180993737703,60,8760,553
0,normal,0.5564776476044422,60,8760,235
1,normal_cyc,0.5466003567145583,60,8760,235
2,frac,0.6076866149723236,60,8760,235
3,frac_cyc,0.6513336832740855,60,8760,235
0,normal,0.7157476868978241,60,8760,209
1,normal_cyc,0.6591075197451416,60,8760,209
2,frac,0.6939345263147575,60,8760,209
3,frac_cyc,0.6857432946239318,60,8760,209
0,normal,0.7593768522004913,60,8760,194
1,normal_cyc,0.7615936417391584,60,8760,194
2,frac,0.7274562646303392,60,8760,194
3,frac_cyc,0.7892105305335149,60,8760,194
0,normal,0.9371978485275471,60,8760,180
1,normal_cyc,0.9498034861113289,60,8760,180
2,frac,0.9431908862592341,60,8760,180
3,frac_cyc,0.9425856168971003,60,8760,180
0,normal,-0.08902992418716589,60,8760,157
1,normal_cyc,-0.4103561558984474,60,8760,157
2,frac,-0.05019093732864532,60,8760,157
3,frac_cyc,-0.100893513075497,60,8760,157
0,normal,-1.8166136786433644,60,8760,143
1,normal_cyc,-1.7158793871325062,60,8760,143
2,frac,-1.7951821066310796,60,8760,143
3,frac_cyc,-2.145114212284724,60,8760,143
0,normal,0.8644503352080195,60,8760,396
1,normal_cyc,0.8500445669967772,60,8760,396
2,frac,0.8552698928812149,60,8760,396
3,frac_cyc,0.8675986061785149,60,8760,396
0,normal,-1.876741483100455,60,8760,98
1,normal_cyc,-1.9584354694666142,60,8760,98
2,frac,-2.0494735172096927,60,8760,98
3,frac_cyc,-2.070145081330927,60,8760,98
0,normal,0.5151205944406319,60,8760,382
1,normal_cyc,0.5509068949710065,60,8760,382
2,frac,0.5830835845651811,60,8760,382
3,frac_cyc,0.6116964152940484,60,8760,382
0,normal,0.5354541255920019,60,8760,355
1,normal_cyc,0.5459262129190338,60,8760,355
2,frac,0.5639614302159052,60,8760,355
3,frac_cyc,0.6048589335699959,60,8760,355
0,normal,0.9319201813800412,60,8760,433
1,normal_cyc,0.9251974717423961,60,8760,433
2,frac,0.9367223555779278,60,8760,433
3,frac_cyc,0.9398952210908279,60,8760,433
0,normal,0.9512313386191102,60,8760,427
1,normal_cyc,0.9430071755690433,60,8760,427
2,frac,0.951067162295819,60,8760,427
3,frac_cyc,0.9531989249266175,60,8760,427
0,normal,0.7062371449883983,60,8760,341
1,normal_cyc,0.667457095666786,60,8760,341
2,frac,0.7085967564497594,60,8760,341
3,frac_cyc,0.7253967715323855,60,8760,341
0,normal,0.7279130821624301,60,8760,369
1,normal_cyc,0.6154340902648808,60,8760,369
2,frac,0.6985683773178656,60,8760,369
3,frac_cyc,0.713844428159243,60,8760,369
0,normal,-11.517164347473633,15,40857,73
1,normal_cyc,-19.54864932562369,15,40857,73
2,frac,-12.224111520139111,15,40857,73
3,frac_cyc,-16.738774075678762,15,40857,73
0,normal,0.8816127342082796,15,65424,67
1,normal_cyc,0.8839385833550906,15,65424,67
2,frac,0.8769148336295134,15,65424,67
3,frac_cyc,0.8865672733505104,15,65424,67
0,normal,0.817980657494004,15,51863,71
1,normal_cyc,0.8024373465703167,15,51863,71
2,frac,0.8315186782420019,15,51863,71
3,frac_cyc,0.8273428890597876,15,51863,71
0,normal,-5.140404477503089,60,8760,419
1,normal_cyc,-4.968693951838608,60,8760,419
2,frac,-5.2083627108391415,60,8760,419
3,frac_cyc,-5.249806431486636,60,8760,419
0,normal,-inf,15,90850,65
1,normal_cyc,-inf,15,90850,65
2,frac,-inf,15,90850,65
3,frac_cyc,-inf,15,90850,65
0,normal,0.9459399634922817,60,8784,431
1,normal_cyc,0.9494923642234284,60,8784,431
2,frac,0.9428912130976845,60,8784,431
3,frac_cyc,0.9528335832249887,60,8784,431
0,normal,0.8482627453228065,60,8760,357
1,normal_cyc,0.8467883746320585,60,8760,357
2,frac,0.838731015570776,60,8760,357
3,frac_cyc,0.8717629229231998,60,8760,357
0,normal,0.870868957407109,60,8760,343
1,normal_cyc,0.8485639531535089,60,8760,343
2,frac,0.8708590546192976,60,8760,343
3,frac_cyc,0.869894786674592,60,8760,343
0,normal,0.6055478847604273,60,8760,425
1,normal_cyc,0.5760933647556179,60,8760,425
2,frac,0.5527591166488949,60,8760,425
3,frac_cyc,0.5513213339850755,60,8760,425
0,normal,-0.5664166144719007,15,45997,59
1,normal_cyc,-0.5451517649394463,15,45997,59
2,frac,-0.7457034698593008,15,45997,59
3,frac_cyc,-0.9137456393517676,15,45997,59
0,normal,0.6321640347149463,60,8760,394
1,normal_cyc,0.6542127708668376,60,8760,394
2,frac,0.6628896071219144,60,8760,394
3,frac_cyc,0.5862925248317047,60,8760,394
0,normal,0.9037624448528111,60,8760,380
1,normal_cyc,0.8970113574666385,60,8760,380
2,frac,0.9037489660302499,60,8760,380
3,frac_cyc,0.907115392769942,60,8760,380
0,normal,-11.09428115025035,60,8760,169
1,normal_cyc,-10.170235348798988,60,8760,169
2,frac,-7.353290378119641,60,8760,169
3,frac_cyc,-9.540835696657568,60,8760,169
0,normal,-0.8693826790571014,60,8760,155
1,normal_cyc,-0.9313158337680558,60,8760,155
2,frac,-0.9116888000556366,60,8760,155
3,frac_cyc,-0.8421007331108157,60,8760,155
0,normal,-1.7500393247889574,60,8760,141
1,normal_cyc,-1.9319908345626204,60,8760,141
2,frac,-1.7690228310211658,60,8760,141
3,frac_cyc,-1.8171409967554157,60,8760,141
0,normal,-2.1134758431023313,60,8760,196
1,normal_cyc,-2.00680150645126,60,8760,196
2,frac,-2.2400468883757974,60,8760,196
3,frac_cyc,-2.1170127897826747,60,8760,196
0,normal,0.617575807176041,60,8760,182
1,normal_cyc,0.644064522159274,60,8760,182
2,frac,0.608303647237059,60,8760,182
3,frac_cyc,0.6782140478014628,60,8760,182
0,normal,0.4519284189844594,60,8784,579
1,normal_cyc,0.5233319532488019,60,8784,579
2,frac,0.5777515941908564,60,8784,579
3,frac_cyc,0.4657873126525147,60,8784,579
0,normal,0.9264334792057203,60,8760,545
1,normal_cyc,0.9045155195979534,60,8760,545
2,frac,0.897219439144457,60,8760,545
3,frac_cyc,0.8788869433868034,60,8760,545
0,normal,-2.138084869620975,60,8760,223
1,normal_cyc,-2.360900393279114,60,8760,223
2,frac,-2.3749896048116965,60,8760,223
3,frac_cyc,-2.5141071280409832,60,8760,223
0,normal,0.8438485129273863,60,8760,237
1,normal_cyc,0.8337465564759019,60,8760,237
2,frac,0.8505132018792279,60,8760,237
3,frac_cyc,0.8331222643746168,60,8760,237
0,normal,0.9287518738946233,60,8760,551
1,normal_cyc,0.9290345295516979,60,8760,551
2,frac,0.9258736701374661,60,8760,551
3,frac_cyc,0.9240004436964755,60,8760,551
0,normal,0.7977739662610607,60,8784,586
1,normal_cyc,0.8281490699246433,60,8784,586
2,frac,0.8250742107144355,60,8784,586
3,frac_cyc,0.8358182528648527,60,8784,586
0,normal,0.8642549093944557,60,8784,592
1,normal_cyc,0.8022419632161442,60,8784,592
2,frac,0.8521983396674633,60,8784,592
3,frac_cyc,0.8380791098312272,60,8784,592
0,normal,0.775970914391373,60,8784,593
1,normal_cyc,0.7354569228107037,60,8784,593
2,frac,0.7623730119068518,60,8784,593
3,frac_cyc,0.7755516374107413,60,8784,593
0,normal,0.7542946011200666,60,8784,587
1,normal_cyc,0.765440933094318,60,8784,587
2,frac,0.7869023353108215,60,8784,587
3,frac_cyc,0.8097008607420814,60,8784,587
0,normal,0.7115958694086688,60,8760,236
1,normal_cyc,0.7235538500105955,60,8760,236
2,frac,0.7182118714672917,60,8760,236
3,frac_cyc,0.7546093510290276,60,8760,236
0,normal,0.9510704018094464,60,8760,550
1,normal_cyc,0.950126011842037,60,8760,550
2,frac,0.9498117103567127,60,8760,550
3,frac_cyc,0.9466922927674545,60,8760,550
0,normal,0.710622259324114,60,8760,544
1,normal_cyc,0.6367487421803676,60,8760,544
2,frac,0.6597414313948984,60,8760,544
3,frac_cyc,0.6572022686270723,60,8760,544
0,normal,0.5533567490488992,60,8760,222
1,normal_cyc,0.5591275034511779,60,8760,222
2,frac,0.5246741832532884,60,8760,222
3,frac_cyc,0.6505028567324647,60,8760,222
0,normal,0.7535375902933755,60,8784,578
1,normal_cyc,0.7003882119276056,60,8784,578
2,frac,0.747152043838247,60,8784,578
3,frac_cyc,0.7332918251996041,60,8784,578
0,normal,-1.9284475348967507,60,8760,183
1,normal_cyc,-1.9082085852440418,60,8760,183
2,frac,-2.168770656382014,60,8760,183
3,frac_cyc,-2.147368629282765,60,8760,183
0,normal,-2.5886946526977437,60,8760,197
1,normal_cyc,-2.113986722994193,60,8760,197
2,frac,-2.90019366067861,60,8760,197
3,frac_cyc,-2.3616640818051757,60,8760,197
0,normal,-1.7065700686141843,60,8760,140
1,normal_cyc,-1.657643525752439,60,8760,140
2,frac,-1.7114436143000804,60,8760,140
3,frac_cyc,-1.6291692755556542,60,8760,140
0,normal,-10.568177009961914,60,8760,154
1,normal_cyc,-9.447075126098328,60,8760,154
2,frac,-6.445203147777954,60,8760,154
3,frac_cyc,-9.713949467968929,60,8760,154
0,normal,0.8827902545896,60,8760,168
1,normal_cyc,0.8674975809348957,60,8760,168
2,frac,0.8823849028677048,60,8760,168
3,frac_cyc,0.8883699096935647,60,8760,168
0,normal,0.8334868611598527,60,8784,381
1,normal_cyc,0.8319166688257819,60,8784,381
2,frac,0.834837029513187,60,8784,381
3,frac_cyc,0.8466737920968148,60,8784,381
0,normal,0.7002984425295586,60,8760,395
1,normal_cyc,0.7293490197189859,60,8760,395
2,frac,0.650670383697674,60,8760,395
3,frac_cyc,0.8069778761471443,60,8760,395
0,normal,0.9005493229252434,60,8760,342
1,normal_cyc,0.8993796826836361,60,8760,342
2,frac,0.888275539122758,60,8760,342
3,frac_cyc,0.9052875719154757,60,8760,342
0,normal,-inf,15,62496,58
1,normal_cyc,-inf,15,62496,58
2,frac,-inf,15,62496,58
3,frac_cyc,-inf,15,62496,58
0,normal,0.9164234147868268,60,8760,424
1,normal_cyc,0.9166151870185959,60,8760,424
2,frac,0.9254060198104801,60,8760,424
3,frac_cyc,0.9168426486393244,60,8760,424
0,normal,0.5897886431110198,60,8760,430
1,normal_cyc,0.5903779725464142,60,8760,430
2,frac,0.5419659517069843,60,8760,430
3,frac_cyc,0.5942373094478974,60,8760,430
0,normal,0.8115707741940851,60,8760,356
1,normal_cyc,0.8362383726765116,60,8760,356
2,frac,0.8213344254588903,60,8760,356
3,frac_cyc,0.835947700111624,60,8760,356
0,normal,-inf,15,68723,64
1,normal_cyc,-inf,15,68723,64
2,frac,-inf,15,68723,64
3,frac_cyc,-inf,15,68723,64
0,normal,0.8309551969880291,60,8760,418
1,normal_cyc,0.8295016893296405,60,8760,418
2,frac,0.825807802087089,60,8760,418
3,frac_cyc,0.8585205188673792,60,8760,418
0,normal,0.8005239576234745,15,53687,70
1,normal_cyc,0.8010717109740932,15,53687,70
2,frac,0.8006908186380945,15,53687,70
3,frac_cyc,0.8190239329694546,15,53687,70
0,normal,0.4074167055403858,60,8760,457
1,normal_cyc,0.19288100635208877,60,8760,457
2,frac,0.18110217385040348,60,8760,457
3,frac_cyc,0.3297109374401419,60,8760,457
0,normal,0.656534265300437,60,8760,325
1,normal_cyc,0.48127731326222506,60,8760,325
2,frac,0.5384446389170545,60,8760,325
3,frac_cyc,0.6188728115984449,60,8760,325
0,normal,0.6216422800296441,60,8760,443
1,normal_cyc,0.625459010437151,60,8760,443
2,frac,0.6233479766803725,60,8760,443
3,frac_cyc,0.7208814247820634,60,8760,443
0,normal,0.7608692273802352,15,106839,17
1,normal_cyc,0.6363945140785898,15,106839,17
2,frac,0.750877634726961,15,106839,17
3,frac_cyc,0.7485537939938377,15,106839,17
0,normal,-1.5705337405332003,60,8760,319
1,normal_cyc,-1.5319526608279361,60,8760,319
2,frac,-1.5866397136268977,60,8760,319
3,frac_cyc,-1.7465068747398815,60,8760,319
0,normal,0.790448677378007,60,8760,494
1,normal_cyc,0.8078054017242775,60,8760,494
2,frac,0.7952318015029374,60,8760,494
3,frac_cyc,0.83146383516493,60,8760,494
0,normal,0.9673445014104122,60,8760,480
1,normal_cyc,0.9679900563221172,60,8760,480
2,frac,0.9653456328024056,60,8760,480
3,frac_cyc,0.9650531245165495,60,8760,480
0,normal,-1.4782398678909199,60,8760,133
1,normal_cyc,-1.5863733561495321,60,8760,133
2,frac,-1.402152649130542,60,8760,133
3,frac_cyc,-1.321859276258863,60,8760,133
0,normal,-1.2587168804950217,60,8760,127
1,normal_cyc,-1.1708004227157243,60,8760,127
2,frac,-1.2779084572676846,60,8760,127
3,frac_cyc,-1.1929202509617247,60,8760,127
0,normal,0.8983565930825065,60,8760,523
1,normal_cyc,0.8750807077450461,60,8760,523
2,frac,0.8648218573662885,60,8760,523
3,frac_cyc,0.9052899755507381,60,8760,523
0,normal,0.6570194289311578,60,8760,245
1,normal_cyc,0.5173924106864528,60,8760,245
2,frac,0.6457879500678597,60,8760,245
3,frac_cyc,0.6712457054106256,60,8760,245
0,normal,0.8105482787647346,60,8760,251
1,normal_cyc,0.8320710656832624,60,8760,251
2,frac,0.8089517746044261,60,8760,251
3,frac_cyc,0.8275661459723925,60,8760,251
0,normal,0.7613765191778531,60,8760,537
1,normal_cyc,0.7718692370818356,60,8760,537
2,frac,0.740850644216355,60,8760,537
3,frac_cyc,0.7641962216661753,60,8760,537
0,normal,0.5381549216884338,60,8760,279
1,normal_cyc,0.6049318642408197,60,8760,279
2,frac,0.5692631992679207,60,8760,279
3,frac_cyc,0.5393767673677001,60,8760,279
0,normal,0.6855906376229044,60,8784,286
1,normal_cyc,0.638539266156221,60,8784,286
2,frac,0.6021144605071791,60,8784,286
3,frac_cyc,0.5451581793313877,60,8784,286
0,normal,0.7960254294775533,60,8760,292
1,normal_cyc,0.8142380640736924,60,8760,292
2,frac,0.7956694793340987,60,8760,292
3,frac_cyc,0.8041551341323873,60,8760,292
0,normal,0.8035286056956294,60,8760,293
1,normal_cyc,0.7859301140412833,60,8760,293
2,frac,0.808156993127234,60,8760,293
3,frac_cyc,0.8162836708921288,60,8760,293
0,normal,0.7810660752258077,60,8760,287
1,normal_cyc,0.8066766520375853,60,8760,287
2,frac,0.8023793446256319,60,8760,287
3,frac_cyc,0.8133077947003765,60,8760,287
0,normal,0.8293339982518216,60,8760,278
1,normal_cyc,0.8467892564541022,60,8760,278
2,frac,0.8252154114788394,60,8760,278
3,frac_cyc,0.8512476325859158,60,8760,278
0,normal,0.31821710463655506,60,8760,250
1,normal_cyc,0.3593544376715216,60,8760,250
2,frac,0.29783704911022224,60,8760,250
3,frac_cyc,0.40744908849431744,60,8760,250
0,normal,0.9447044992657682,60,8760,536
1,normal_cyc,0.9230412396756322,60,8760,536
2,frac,0.9246360685063955,60,8760,536
3,frac_cyc,0.9229316814226269,60,8760,536
0,normal,0.4403910952194343,60,8760,522
1,normal_cyc,0.419403891199488,60,8760,522
2,frac,0.44462944210657607,60,8760,522
3,frac_cyc,0.5805052975212238,60,8760,522
0,normal,0.8920749419839398,60,8760,244
1,normal_cyc,0.8743286542706068,60,8760,244
2,frac,0.8759115547559182,60,8760,244
3,frac_cyc,0.8848845122506622,60,8760,244
0,normal,-1.5360199587193009,60,8760,126
1,normal_cyc,-1.4743294859681262,60,8760,126
2,frac,-1.3374842710025299,60,8760,126
3,frac_cyc,-1.3267049035254772,60,8760,126
0,normal,-1.8288680549694365,60,8760,132
1,normal_cyc,-1.8879106395163507,60,8760,132
2,frac,-1.86251987625903,60,8760,132
3,frac_cyc,-1.761163706127959,60,8760,132
0,normal,0.7843336964520516,60,8760,481
1,normal_cyc,0.7913113700663142,60,8760,481
2,frac,0.7801156037480055,60,8760,481
3,frac_cyc,0.795602011374247,60,8760,481
0,normal,0.9481077330425282,60,8760,495
1,normal_cyc,0.9444175381227164,60,8760,495
2,frac,0.942822338406639,60,8760,495
3,frac_cyc,0.9576709334043753,60,8760,495
0,normal,0.8387947601789826,60,8760,318
1,normal_cyc,0.8299534845492317,60,8760,318
2,frac,0.8346946565536282,60,8760,318
3,frac_cyc,0.850331608197549,60,8760,318
0,normal,0.772770060838542,15,96380,16
1,normal_cyc,0.7829951292734931,15,96380,16
2,frac,0.7838539479495231,15,96380,16
3,frac_cyc,0.7915609278258784,15,96380,16
0,normal,0.8111427324352504,60,8760,324
1,normal_cyc,0.7936495971967149,60,8760,324
2,frac,0.7964382681420342,60,8760,324
3,frac_cyc,0.81903205811926,60,8760,324
0,normal,0.8521099460572881,60,8760,442
1,normal_cyc,0.8519726498141623,60,8760,442
2,frac,0.8469990822400498,60,8760,442
3,frac_cyc,0.8586621437071215,60,8760,442
0,normal,0.8254607454843282,60,8760,456
1,normal_cyc,0.7640755194208896,60,8760,456
2,frac,0.7678003651146014,60,8760,456
3,frac_cyc,0.7551136926704953,60,8760,456
0,normal,0.7737406965367011,60,8760,330
1,normal_cyc,0.8127400888328028,60,8760,330
2,frac,0.7849240050941221,60,8760,330
3,frac_cyc,0.8280175114021203,60,8760,330
0,normal,0.79642401058713,60,8760,440
1,normal_cyc,0.840134231465353,60,8760,440
2,frac,0.8123304642621929,60,8760,440
3,frac_cyc,0.8676476568485685,60,8760,440
0,normal,0.662227933920245,60,8760,326
1,normal_cyc,0.6713832826956547,60,8760,326
2,frac,0.6675678977629713,60,8760,326
3,frac_cyc,0.6620964624617623,60,8760,326
0,normal,0.9093292760521099,60,8760,332
1,normal_cyc,0.9091751185102225,60,8760,332
2,frac,0.9041857036548493,60,8760,332
3,frac_cyc,0.8864871606085843,60,8760,332
0,normal,0.034346730384923405,60,8760,454
1,normal_cyc,0.21464478938345563,60,8760,454
2,frac,-0.01913178548287294,60,8760,454
3,frac_cyc,0.0930838540961859,60,8760,454
0,normal,0.560046590134062,15,29916,28
1,normal_cyc,0.49296246202991195,15,29916,28
2,frac,0.5180948454805633,15,29916,28
3,frac_cyc,0.5722447619569536,15,29916,28
0,normal,0.9502488168447376,60,8760,468
1,normal_cyc,0.9426247162595628,60,8760,468
2,frac,0.9484423889589825,60,8760,468
3,frac_cyc,0.9518287721759573,60,8760,468
0,normal,0.7119442812563334,15,66015,14
1,normal_cyc,0.73022328143495,15,66015,14
2,frac,0.7056206592840565,15,66015,14
3,frac_cyc,0.7403458918897041,15,66015,14
0,normal,0.9543069461270564,60,8760,483
1,normal_cyc,0.9505798325230571,60,8760,483
2,frac,0.9514738215268345,60,8760,483
3,frac_cyc,0.9625419356932813,60,8760,483
0,normal,0.9682254822896553,60,8760,497
1,normal_cyc,0.9619568270484022,60,8760,497
2,frac,0.9648714025811492,60,8760,497
3,frac_cyc,0.9655421466872596,60,8760,497
0,normal,-2.837071062498777,60,8760,124
1,normal_cyc,-2.7252492983454473,60,8760,124
2,frac,-2.882644206376129,60,8760,124
3,frac_cyc,-3.0302648927835474,60,8760,124
0,normal,-2.8059452214456404,60,8760,130
1,normal_cyc,-2.941119138430018,60,8760,130
2,frac,-2.91787939377553,60,8760,130
3,frac_cyc,-2.9967255296123767,60,8760,130
0,normal,-3.7159674242502128,60,8760,118
1,normal_cyc,-3.4133265503936876,60,8760,118
2,frac,-3.6400918133405367,60,8760,118
3,frac_cyc,-4.200081031604977,60,8760,118
0,normal,0.9018044987837569,60,8760,534
1,normal_cyc,0.8935119135116847,60,8760,534
2,frac,0.8861397629130949,60,8760,534
3,frac_cyc,0.9289043512257847,60,8760,534
0,normal,-4.552315188192018,60,8760,252
1,normal_cyc,-4.448000743073251,60,8760,252
2,frac,-4.372467536630423,60,8760,252
3,frac_cyc,-4.762596038418209,60,8760,252
0,normal,0.8435176363114848,60,8760,246
1,normal_cyc,0.8484391290831429,60,8760,246
2,frac,0.8379795832121154,60,8760,246
3,frac_cyc,0.8290650847871629,60,8760,246
0,normal,0.7173541111944041,60,8760,520
1,normal_cyc,0.7521648646728123,60,8760,520
2,frac,0.7270086060483716,60,8760,520
3,frac_cyc,0.7219956953172395,60,8760,520
0,normal,0.7855919231598227,60,8760,508
1,normal_cyc,0.7721306041154278,60,8760,508
2,frac,0.7638837630037442,60,8760,508
3,frac_cyc,0.8180607989480438,60,8760,508
0,normal,0.7776342043645851,60,8784,291
1,normal_cyc,0.7341207151219316,60,8784,291
2,frac,0.7442426240609634,60,8784,291
3,frac_cyc,0.7419291267487078,60,8784,291
0,normal,0.8384308404219853,60,8760,284
1,normal_cyc,0.8512194378481943,60,8760,284
2,frac,0.8342437039059977,60,8760,284
3,frac_cyc,0.8828408863841485,60,8760,284
0,normal,0.7966832683929252,60,8760,290
1,normal_cyc,0.8083680284843666,60,8760,290
2,frac,0.7787835929884733,60,8760,290
3,frac_cyc,0.8211794798663865,60,8760,290
0,normal,0.7860064011065303,60,8760,509
1,normal_cyc,0.7996767913372093,60,8760,509
2,frac,0.7823207276669736,60,8760,509
3,frac_cyc,0.8111598682236594,60,8760,509
0,normal,0.855497604681136,60,8760,247
1,normal_cyc,0.8668314962768054,60,8760,247
2,frac,0.8563445283423433,60,8760,247
3,frac_cyc,0.8741951551484514,60,8760,247
0,normal,0.8788910502322297,60,8784,521
1,normal_cyc,0.8708920775773837,60,8784,521
2,frac,0.8782519216432491,60,8784,521
3,frac_cyc,0.8730775647480988,60,8784,521
0,normal,0.943723853392142,60,8760,535
1,normal_cyc,0.9280295373764689,60,8760,535
2,frac,0.9319952321069457,60,8760,535
3,frac_cyc,0.9414795200270147,60,8760,535
0,normal,0.8804194571814409,60,8760,253
1,normal_cyc,0.89141353431469,60,8760,253
2,frac,0.8659883341422965,60,8760,253
3,frac_cyc,0.8969529869739963,60,8760,253
0,normal,0.7405212022533006,60,8760,119
1,normal_cyc,0.6301302368887906,60,8760,119
2,frac,0.6832999827986271,60,8760,119
3,frac_cyc,0.7147390684973831,60,8760,119
0,normal,-1.986857491299828,60,8760,131
1,normal_cyc,-2.0164866642774206,60,8760,131
2,frac,-2.1543229874116148,60,8760,131
3,frac_cyc,-2.394189167172531,60,8760,131
0,normal,-1.7340643076211326,60,8760,125
1,normal_cyc,-1.6605370208579922,60,8760,125
2,frac,-1.8855107027874751,60,8760,125
3,frac_cyc,-1.9723732339006503,60,8760,125
0,normal,0.879852054934149,60,8760,496
1,normal_cyc,0.8233367371478644,60,8760,496
2,frac,0.838204315033669,60,8760,496
3,frac_cyc,0.825973730398847,60,8760,496
0,normal,0.8169894403524252,60,8760,482
1,normal_cyc,0.8028359472451483,60,8760,482
2,frac,0.8025902855039662,60,8760,482
3,frac_cyc,0.8127957437133329,60,8760,482
0,normal,0.7688884974650844,15,66207,15
1,normal_cyc,0.7710967035212403,15,66207,15
2,frac,0.7696583788843783,15,66207,15
3,frac_cyc,0.7807830915552626,15,66207,15
0,normal,0.8068968899663518,60,8760,469
1,normal_cyc,0.8098287402435477,60,8760,469
2,frac,0.823910548948597,60,8760,469
3,frac_cyc,0.8396883691329817,60,8760,469
0,normal,0.7537308618392992,60,8760,333
1,normal_cyc,0.7819083581516504,60,8760,333
2,frac,0.7623913590398578,60,8760,333
3,frac_cyc,0.7941603900536025,60,8760,333
0,normal,0.6278992096678887,15,70191,29
1,normal_cyc,0.6446006248291765,15,70191,29
2,frac,0.6366590072642755,15,70191,29
3,frac_cyc,0.6508570331298953,15,70191,29
0,normal,0.5461329656673861,60,8760,455
1,normal_cyc,0.5686132211886259,60,8760,455
2,frac,0.6010269592883587,60,8760,455
3,frac_cyc,0.6980534993023638,60,8760,455
0,normal,0.8425836846432884,60,8760,441
1,normal_cyc,0.8521503364975691,60,8760,441
2,frac,0.8318399743787438,60,8760,441
3,frac_cyc,0.842053634619529,60,8760,441
0,normal,0.8154035336411741,60,8760,327
1,normal_cyc,0.8415889079844157,60,8760,327
2,frac,0.8232293824278499,60,8760,327
3,frac_cyc,0.8627544288638843,60,8760,327
0,normal,0.7832318114500603,15,37849,8
1,normal_cyc,0.7824575787802124,15,37849,8
2,frac,0.7885948185307042,15,37849,8
3,frac_cyc,0.8035520443071161,15,37849,8
0,normal,0.8035383805142456,60,8760,479
1,normal_cyc,0.827868932436374,60,8760,479
2,frac,0.8191444510867543,60,8760,479
3,frac_cyc,0.807165878358615,60,8760,479
0,normal,0.7419320483547385,15,67887,11
1,normal_cyc,0.7587655753558231,15,67887,11
2,frac,0.7381682373320735,15,67887,11
3,frac_cyc,0.7673645821861175,15,67887,11
0,normal,0.8346099528232884,60,8760,323
1,normal_cyc,0.8250234500367633,60,8760,323
2,frac,0.7964162020948681,60,8760,323
3,frac_cyc,0.8565251178247805,60,8760,323
0,normal,0.7255182918368108,60,8760,445
1,normal_cyc,0.6212246956488994,60,8760,445
2,frac,0.6620202130239775,60,8760,445
3,frac_cyc,0.6767199592576599,60,8760,445
0,normal,0.8066905570199067,15,69327,39
1,normal_cyc,0.7840348818705262,15,69327,39
2,frac,0.8067999202299887,15,69327,39
3,frac_cyc,0.8119936190563325,15,69327,39
0,normal,0.6065845654331949,60,8760,451
1,normal_cyc,0.6225400106943088,60,8760,451
2,frac,0.6488351081062553,60,8760,451
3,frac_cyc,0.6421791021037527,60,8760,451
0,normal,0.7400028710674298,60,8760,337
1,normal_cyc,0.7239638141589072,60,8760,337
2,frac,0.7479361570426322,60,8760,337
3,frac_cyc,0.7691086807214905,60,8760,337
0,normal,0.9288484876859716,60,8760,486
1,normal_cyc,0.931684587121007,60,8760,486
2,frac,0.9324027115921351,60,8760,486
3,frac_cyc,0.9387057695457219,60,8760,486
0,normal,0.9402876667428818,60,8760,492
1,normal_cyc,0.9454502717638148,60,8760,492
2,frac,0.9408568468693357,60,8760,492
3,frac_cyc,0.9428464155573029,60,8760,492
0,normal,-1.8195565123094761,60,8760,109
1,normal_cyc,-2.943929293457065,60,8760,109
2,frac,-2.3855094012650992,60,8760,109
3,frac_cyc,-2.999073706594298,60,8760,109
0,normal,-2.7667190818091214,60,8760,121
1,normal_cyc,-2.9973635625833808,60,8760,121
2,frac,-2.9292679817001264,60,8760,121
3,frac_cyc,-2.7831314540118233,60,8760,121
0,normal,0.893884931533621,60,8760,135
1,normal_cyc,0.9019936461561904,60,8760,135
2,frac,0.8946014056428596,60,8760,135
3,frac_cyc,0.8968586865082435,60,8760,135
0,normal,0.8938350387074218,60,8784,519
1,normal_cyc,0.9137866221223709,60,8784,519
2,frac,0.8736959292888932,60,8784,519
3,frac_cyc,0.9167463157823152,60,8784,519
0,normal,0.7892264286499396,60,8760,257
1,normal_cyc,0.7906636654368742,60,8760,257
2,frac,0.7674102722823396,60,8760,257
3,frac_cyc,0.7939811515907723,60,8760,257
0,normal,0.7156340834550086,60,8760,531
1,normal_cyc,0.6982275298428222,60,8760,531
2,frac,0.7004527548250016,60,8760,531
3,frac_cyc,0.7930636070704902,60,8760,531
0,normal,0.9248414687109086,60,8760,525
1,normal_cyc,0.9271849418745802,60,8760,525
2,frac,0.9152773069776747,60,8760,525
3,frac_cyc,0.9388286281005717,60,8760,525
0,normal,0.5015315287389652,60,8760,243
1,normal_cyc,0.45386423614484206,60,8760,243
2,frac,0.41971838661120486,60,8760,243
3,frac_cyc,0.5732636428875436,60,8760,243
0,normal,0.8291109474573914,60,8760,294
1,normal_cyc,0.8149371694485432,60,8760,294
2,frac,0.8374844031248224,60,8760,294
3,frac_cyc,0.8375757204496557,60,8760,294
0,normal,-1.174761392681038,60,8760,280
1,normal_cyc,-1.014558654509073,60,8760,280
2,frac,-1.073322931271769,60,8760,280
3,frac_cyc,-1.132645608289574,60,8760,280
0,normal,0.850211129941386,60,8760,281
1,normal_cyc,0.8607023339752652,60,8760,281
2,frac,0.8529202952261207,60,8760,281
3,frac_cyc,0.853323128746652,60,8760,281
0,normal,0.8296559227464625,60,8760,295
1,normal_cyc,0.8454995171346364,60,8760,295
2,frac,0.827912678251823,60,8760,295
3,frac_cyc,0.8271332035842848,60,8760,295
0,normal,0.9320160560540655,60,8760,524
1,normal_cyc,0.9303536010767607,60,8760,524
2,frac,0.9323568027252231,60,8760,524
3,frac_cyc,0.9445959807318925,60,8760,524
0,normal,0.8129212909415781,60,8760,242
1,normal_cyc,0.796258318800246,60,8760,242
2,frac,0.8023004493360336,60,8760,242
3,frac_cyc,0.8079707334080731,60,8760,242
0,normal,0.8630314326544564,60,8760,256
1,normal_cyc,0.8398907802729659,60,8760,256
2,frac,0.8552777606876526,60,8760,256
3,frac_cyc,0.842022466700738,60,8760,256
0,normal,0.8694356683864619,60,8760,530
1,normal_cyc,0.8717294031291077,60,8760,530
2,frac,0.7978774497888245,60,8760,530
3,frac_cyc,0.8856334596924191,60,8760,530
0,normal,0.9738068699715028,60,8760,518
1,normal_cyc,0.974220061994996,60,8760,518
2,frac,0.9749276201762062,60,8760,518
3,frac_cyc,0.9745329393124469,60,8760,518
0,normal,-1.4340049928971699,60,8760,134
1,normal_cyc,-1.424325108724993,60,8760,134
2,frac,-1.4570039045317087,60,8760,134
3,frac_cyc,-1.545493618668342,60,8760,134
0,normal,0.8375987779328784,60,8760,120
1,normal_cyc,0.825884650560402,60,8760,120
2,frac,0.8459421734083654,60,8760,120
3,frac_cyc,0.853787915241209,60,8760,120
0,normal,0.8779607688954597,60,8760,108
1,normal_cyc,0.8967797971696445,60,8760,108
2,frac,0.8742887871997957,60,8760,108
3,frac_cyc,0.9050041537171369,60,8760,108
0,normal,0.9201950217150588,60,8784,493
1,normal_cyc,0.9244243958110119,60,8784,493
2,frac,0.9245819962042668,60,8784,493
3,frac_cyc,0.9265538795002279,60,8784,493
0,normal,0.9192122949637499,60,8760,487
1,normal_cyc,0.8970331370642769,60,8760,487
2,frac,0.9056290743976787,60,8760,487
3,frac_cyc,0.9113544676529147,60,8760,487
0,normal,0.8688543953753799,60,8760,450
1,normal_cyc,0.8648411185813533,60,8760,450
2,frac,0.8720479950991974,60,8760,450
3,frac_cyc,0.8578345329279524,60,8760,450
0,normal,0.7682247165986187,60,8760,336
1,normal_cyc,0.7855584225466014,60,8760,336
2,frac,0.6568039960561926,60,8760,336
3,frac_cyc,0.7857725156186537,60,8760,336
0,normal,0.6830894387676641,60,8760,322
1,normal_cyc,0.6541142063433748,60,8760,322
2,frac,0.6537449616458191,60,8760,322
3,frac_cyc,0.6970547955978104,60,8760,322
0,normal,-5.350610991849878,15,66207,38
1,normal_cyc,-5.13902803037767,15,66207,38
2,frac,-5.399813640106289,15,66207,38
3,frac_cyc,-5.219014519089639,15,66207,38
0,normal,0.7554611499787928,60,8760,444
1,normal_cyc,0.76392820757949,60,8760,444
2,frac,0.7553569674483666,60,8760,444
3,frac_cyc,0.8154834561265125,60,8760,444
0,normal,0.8185395231667885,15,105286,10
1,normal_cyc,0.8127864061374902,15,105286,10
2,frac,0.818357779433593,15,105286,10
3,frac_cyc,0.8224288558743318,15,105286,10
0,normal,0.7535694114126128,15,67887,9
1,normal_cyc,0.746681550041986,15,67887,9
2,frac,0.7677645685423762,15,67887,9
3,frac_cyc,0.7633803859872147,15,67887,9
0,normal,0.956092098504234,60,8760,478
1,normal_cyc,0.95268819171779,60,8760,478
2,frac,0.9573103477256016,60,8760,478
3,frac_cyc,0.9554192165467803,60,8760,478
0,normal,0.6713790875405765,15,58675,12
1,normal_cyc,0.6721982817744984,15,58675,12
2,frac,0.6592115781417703,15,58675,12
3,frac_cyc,0.6353016046498242,15,58675,12
0,normal,0.6494742293703757,60,8760,334
1,normal_cyc,0.6174901578160128,60,8760,334
2,frac,0.6005788117756905,60,8760,334
3,frac_cyc,0.6409130961588719,60,8760,334
0,normal,0.9507814707827199,60,8760,452
1,normal_cyc,0.9538232673548579,60,8760,452
2,frac,0.9514667277113976,60,8760,452
3,frac_cyc,0.9509527415171548,60,8760,452
0,normal,0.7659580753671102,60,8760,446
1,normal_cyc,0.783690919792998,60,8760,446
2,frac,0.755564297589138,60,8760,446
3,frac_cyc,0.8270905180828694,60,8760,446
0,normal,0.8167829835100344,60,8760,491
1,normal_cyc,0.7093550387747725,60,8760,491
2,frac,0.6952697777715066,60,8760,491
3,frac_cyc,0.7912802702322849,60,8760,491
0,normal,0.8764529993906935,60,8760,485
1,normal_cyc,0.8809137043244036,60,8760,485
2,frac,0.8765034209373579,60,8760,485
3,frac_cyc,0.8952066152397696,60,8760,485
0,normal,-3.5859732595998994,60,8760,136
1,normal_cyc,-3.782996865122581,60,8760,136
2,frac,-3.974956089065351,60,8760,136
3,frac_cyc,-3.8061268839822557,60,8760,136
0,normal,-2.0532674744891195,60,8760,122
1,normal_cyc,-2.4302248675568143,60,8760,122
2,frac,-2.5281150866635698,60,8760,122
3,frac_cyc,-2.511718922041133,60,8760,122
0,normal,0.7323402221676492,60,8760,268
1,normal_cyc,0.6720105314761451,60,8760,268
2,frac,0.5962241818823263,60,8760,268
3,frac_cyc,0.774700871526949,60,8760,268
0,normal,0.8135671794964222,60,8760,240
1,normal_cyc,0.7841912717897339,60,8760,240
2,frac,0.7984906132706638,60,8760,240
3,frac_cyc,0.8024992981706448,60,8760,240
0,normal,0.882102881736984,60,8760,526
1,normal_cyc,0.8903019533234857,60,8760,526
2,frac,0.8862190439301458,60,8760,526
3,frac_cyc,0.9090868899836786,60,8760,526
0,normal,0.9431709001906358,60,8760,532
1,normal_cyc,0.9268902913769441,60,8760,532
2,frac,0.9298927223939156,60,8760,532
3,frac_cyc,0.9403698683506335,60,8760,532
0,normal,0.6137381942431982,60,8760,254
1,normal_cyc,0.5920249414099373,60,8760,254
2,frac,0.5831786133043829,60,8760,254
3,frac_cyc,0.6712379117048953,60,8760,254
0,normal,0.9511274345841203,60,8760,283
1,normal_cyc,0.9662297485441362,60,8760,283
2,frac,0.9668981978944956,60,8760,283
3,frac_cyc,0.9597493092970405,60,8760,283
0,normal,0.8417289765687253,60,8760,297
1,normal_cyc,0.8617262594630584,60,8760,297
2,frac,0.8383306705596886,60,8760,297
3,frac_cyc,0.8499571020200354,60,8760,297
0,normal,0.8064225159464079,60,8760,296
1,normal_cyc,0.812336217472619,60,8760,296
2,frac,0.8033423649132752,60,8760,296
3,frac_cyc,0.8395161192242625,60,8760,296
0,normal,0.7311701664150767,60,8784,282
1,normal_cyc,0.6635827156210343,60,8784,282
2,frac,0.6664492700428852,60,8784,282
3,frac_cyc,0.6931213762611653,60,8784,282
0,normal,0.9579089363135654,60,8760,533
1,normal_cyc,0.9634071937170863,60,8760,533
2,frac,0.9514129571905098,60,8760,533
3,frac_cyc,0.9675528598495591,60,8760,533
0,normal,0.8395378664597576,60,8760,255
1,normal_cyc,0.7894972354532335,60,8760,255
2,frac,0.8490224074468992,60,8760,255
3,frac_cyc,0.852747237156471,60,8760,255
0,normal,0.8855274676125361,60,8760,241
1,normal_cyc,0.8432517590288323,60,8760,241
2,frac,0.872454864517353,60,8760,241
3,frac_cyc,0.876711135886948,60,8760,241
0,normal,0.9463432339584702,60,8760,527
1,normal_cyc,0.9416575178477543,60,8760,527
2,frac,0.9337007577513563,60,8760,527
3,frac_cyc,0.9558560943462868,60,8760,527
0,normal,0.9045316982466481,60,8760,269
1,normal_cyc,0.8940489558364888,60,8760,269
2,frac,0.893579683226121,60,8760,269
3,frac_cyc,0.9090816989142952,60,8760,269
0,normal,-10.883810502453755,60,8760,123
1,normal_cyc,-9.923568338529666,60,8760,123
2,frac,-5.322779689471874,60,8760,123
3,frac_cyc,-8.657489324785667,60,8760,123
0,normal,-2.282296563363822,60,8760,137
1,normal_cyc,-2.38514870300546,60,8760,137
2,frac,-2.4587374354285654,60,8760,137
3,frac_cyc,-2.1508300665193163,60,8760,137
0,normal,0.8573046824230887,60,8760,484
1,normal_cyc,0.8624264225310276,60,8760,484
2,frac,0.8640076821488145,60,8760,484
3,frac_cyc,0.8853819101459784,60,8760,484
0,normal,0.9475299787954303,60,8760,490
1,normal_cyc,0.9481050457638309,60,8760,490
2,frac,0.9364876886448085,60,8760,490
3,frac_cyc,0.9489167940198971,60,8760,490
0,normal,0.9470481059312704,60,8760,447
1,normal_cyc,0.940933006847517,60,8760,447
2,frac,0.9345330799175514,60,8760,447
3,frac_cyc,0.9434609691233624,60,8760,447
0,normal,0.7663168050702337,60,8760,335
1,normal_cyc,0.6788328926006482,60,8760,335
2,frac,0.7598564991345441,60,8760,335
3,frac_cyc,0.7726019224282938,60,8760,335
0,normal,0.869247007275188,60,8760,453
1,normal_cyc,0.8862723988769399,60,8760,453
2,frac,0.8693946926861063,60,8760,453
3,frac_cyc,0.9067157467769229,60,8760,453
0,normal,0.1600379063141982,60,8760,309
1,normal_cyc,0.13913641150598974,60,8760,309
2,frac,0.16193685659944673,60,8760,309
3,frac_cyc,0.13904642357708438,60,8760,309
0,normal,0.5156328886866905,15,96380,13
1,normal_cyc,0.4961503814772625,15,96380,13
2,frac,0.509085172643467,15,96380,13
3,frac_cyc,0.5133896196343619,15,96380,13
